Price,Lot.Size,Waterfront,Age,Land.Value,New.Construct,Central.Air,Fuel.Type,Heat.Type,Sewer.Type,Living.Area,Pct.College,Bedrooms,Fireplaces,Bathrooms,Rooms
132500,0.09,0,42,50000,0,0,3,4,2,906,35,2,1,1,5
181115,0.92,0,0,22300,0,0,2,3,2,1953,51,3,0,2.5,6
109000,0.19,0,133,7300,0,0,2,3,3,1944,51,4,1,1,8
155000,0.41,0,13,18700,0,0,2,2,2,1944,51,3,1,1.5,5
86060,0.11,0,0,15000,1,1,2,2,3,840,51,2,0,1,3
120000,0.68,0,31,14000,0,0,2,2,2,1152,22,4,1,1,8
153000,0.4,0,33,23300,0,0,4,3,2,2752,51,4,1,1.5,8
170000,1.21,0,23,14600,0,0,4,2,2,1662,35,4,1,1.5,9
90000,0.83,0,36,22200,0,0,3,4,2,1632,51,3,0,1.5,8
122900,1.94,0,4,21200,0,0,2,2,1,1416,44,3,0,1.5,6
325000,2.29,0,123,12600,0,0,4,2,2,2894,51,7,0,1,12
120000,0.92,0,1,22300,0,0,2,2,2,1624,51,3,0,2,6
85860,8.97,0,13,4800,0,0,3,4,2,704,41,2,0,1,4
97000,0.11,0,153,3100,0,0,2,3,3,1383,57,3,0,2,5
127000,0.14,0,9,300,0,0,4,2,2,1300,41,3,0,1.5,8
89900,0,0,88,2500,0,0,2,3,3,936,57,3,0,1,4
155000,0.13,0,9,300,0,0,4,2,2,1300,41,3,0,1.5,7
253750,2,0,0,49800,0,1,2,2,1,2816,71,4,1,2.5,12
60000,0.21,0,82,8500,0,0,4,3,2,924,35,2,0,1,6
87500,0.88,0,17,19400,0,0,4,2,2,1092,35,3,0,1,6
112000,1,0,12,8600,0,0,3,4,2,1056,35,3,0,1,7
104900,0.43,0,21,5600,0,0,3,4,3,1600,39,3,0,1.5,4
148635,0.32,0,1,6200,1,1,2,2,2,1576,39,3,0,2.5,7
150000,0.03,0,24,5100,0,0,4,2,2,2080,39,3,0,2,6
90400,0.36,0,16,5200,0,0,3,4,3,1600,39,3,0,1.5,4
248800,4,0,28,5500,0,0,4,2,2,2224,39,4,0,3,10
135000,1.83,0,126,6000,0,0,4,3,2,1656,39,3,0,1,6
145000,3,0,26,4500,0,0,4,2,2,1170,39,4,0,1.5,5
457000,0.43,1,53,2700,0,0,4,2,3,2461,39,4,1,2,10
140000,0.44,0,56,19400,0,1,4,2,2,1544,71,3,1,1.5,7
130000,1.24,0,51,24800,0,0,4,3,2,1220,71,2,2,1,4
187000,0.46,0,3,15200,0,0,2,2,2,1858,52,3,1,2.5,7
229000,0.87,0,9,41100,0,0,2,2,3,2219,64,3,1,2,8
227000,1.8,0,201,25500,0,0,4,2,2,1876,52,3,0,2.5,5
179900,0.46,0,1,15200,0,0,2,2,2,2026,52,4,1,2.5,6
169900,0.91,0,19,20200,0,1,2,2,2,1671,71,4,1,3,8
209900,0.46,0,1,15200,0,0,2,2,1,2060,52,4,1,2.5,7
169900,0.59,0,0,17300,0,0,2,2,2,1884,52,4,1,2.5,9
293000,7.24,0,43,36600,0,0,2,3,2,2022,71,4,2,3,6
245900,0.19,0,0,20700,0,1,2,2,1,2394,71,4,1,2.5,7
157000,0.46,0,45,20200,0,0,2,2,2,1390,71,3,1,1.5,6
195000,0.41,0,32,27100,0,1,2,2,2,1954,71,4,0,2.5,8
150000,0.78,0,54,24500,0,1,4,2,2,1554,71,3,1,1.5,5
234900,0.89,0,9,41600,0,1,2,2,3,1976,64,3,0,2.5,6
279550,1.34,0,0,44400,0,0,2,2,2,2479,71,4,1,2.5,10
246500,1,0,0,17100,0,0,2,2,1,2714,71,4,1,2.5,9
124000,1,0,98,15500,0,0,4,2,2,797,52,2,0,1,3
138000,0.27,0,54,8900,0,0,2,3,2,1500,71,3,0,2.5,7
290000,0.71,1,73,61000,0,0,4,2,2,1838,71,4,0,2,8
108000,0.9,0,48,19000,0,0,2,2,2,1042,71,2,1,2,3
134900,0.24,0,10,8000,0,1,2,2,3,1782,52,3,0,2.5,6
64500,0.06,0,16,1600,0,0,2,2,3,1480,52,2,1,2.5,5
142000,0.55,0,20,13800,0,0,2,2,2,1426,52,3,1,2,6
125000,0.34,0,32,11100,0,0,2,2,2,1404,52,3,0,2,5
88000,0.19,0,15,3400,0,1,2,3,3,1480,52,3,1,1.5,5
135000,0.23,0,135,8100,0,0,2,3,3,1344,52,3,0,1,5
90000,0.07,0,14,1800,0,1,2,2,3,1480,52,2,1,2.5,5
90100,0.09,0,15,2400,0,0,2,3,3,1480,52,3,1,1.5,7
126900,0.25,0,10,8400,0,0,2,2,3,1596,52,3,0,2.5,6
175000,0.47,0,15,27200,0,0,3,4,2,1768,52,3,1,2,5
158000,0.36,0,10,12100,0,1,2,2,3,1348,52,2,1,2,3
92000,0.07,0,14,1800,0,0,2,2,3,1480,52,3,1,1.5,8
82800,0.11,0,225,3900,0,0,2,2,3,1483,52,3,0,1,7
140000,0.23,0,25,8300,0,1,2,2,3,1576,52,4,1,1.5,5
171000,3.16,0,15,24100,0,0,3,4,2,1008,52,2,0,1,7
200640,0.08,0,0,32000,1,0,2,2,3,2332,52,4,0,2.5,9
139000,0.57,0,30,7500,0,0,4,2,2,1064,52,3,1,1,5
225000,0.5,0,12,15300,0,1,2,2,3,2428,52,4,1,2.5,11
182000,1,0,16,26600,0,0,3,4,2,1310,52,3,1,2,7
208767,0.5,0,0,32000,1,1,2,2,3,1662,52,3,0,2,7
186000,0.55,0,0,4400,1,0,2,2,3,2000,52,4,0,2.5,7
93000,0.1,0,14,2600,0,0,2,2,3,1480,52,3,1,1.5,6
257386,0.5,0,0,32000,1,1,2,2,3,2969,52,4,1,4,10
161000,0.31,0,10,10400,0,1,2,2,3,1542,52,3,0,2.5,5
92000,0.28,0,18,6300,0,0,4,2,2,1527,52,4,0,2,7
211002,0.06,0,0,32000,1,0,2,2,3,2195,52,4,0,2.5,8
115000,0.06,0,14,1600,0,0,2,2,3,1480,52,3,1,1.5,6
113000,0.46,0,53,9200,0,1,4,3,2,1452,52,3,0,2,7
216300,0.1,0,0,32000,1,0,2,2,3,2360,52,4,0,2.5,10
145000,2.12,0,32,19000,0,0,4,2,2,1440,52,3,1,1,8
114000,0.06,0,14,1600,0,0,3,2,3,1480,52,2,1,2.5,5
139050,0.21,0,125,7300,0,0,2,2,3,1879,52,3,0,2.5,6
104000,0.06,0,14,1600,0,0,2,2,3,1480,52,3,0,1.5,6
169900,0.26,0,11,8700,0,0,2,2,3,1792,52,3,0,2.5,8
177900,0.29,0,2,25000,0,0,2,2,2,1386,44,3,0,2.5,5
133000,1.29,0,14,10300,0,1,3,2,2,1676,44,2,1,2,3
185000,1,0,0,4000,0,0,2,2,2,768,22,4,0,2,9
115000,0.88,0,16,10000,0,1,3,4,2,1560,22,3,1,1.5,8
100000,0.52,0,91,5000,0,0,4,2,2,1000,22,3,0,1,6
117000,0.07,0,15,18900,0,0,3,4,2,1676,51,4,1,1.5,9
150000,0.32,0,11,19400,0,0,3,4,1,1656,51,3,0,1.5,6
187500,0.92,0,11,20600,0,0,3,4,2,2300,51,3,1,1.5,7
107000,0.46,0,25,18700,0,0,2,2,2,1712,51,3,1,1,6
126900,0.46,0,26,18700,0,0,2,2,2,1350,51,3,0,1.5,5
147000,0.11,0,15,18900,0,0,2,2,2,1676,51,3,1,2.5,6
62000,0.4,0,103,10500,0,0,2,3,2,1317,51,3,0,1.5,7
101000,0.87,0,30,8700,0,0,2,2,2,1056,51,3,1,2,8
143500,0.59,0,13,19900,0,0,2,2,2,912,51,3,0,1,7
113400,0.93,0,18,4500,0,0,3,4,2,1232,44,2,0,2,3
76320,0.15,0,68,2000,0,0,2,2,3,1380,44,3,1,1,5
110000,0.59,0,10,3100,0,1,2,2,2,936,44,3,0,1,6
88000,0.33,0,49,3400,0,0,2,2,2,720,44,3,0,1,4
108000,0.32,0,30,6500,0,0,4,3,2,1628,44,2,1,1.5,4
114900,0.46,0,41,5000,0,0,2,2,2,1144,44,3,0,1.5,6
146000,0.48,0,2,3000,0,0,2,2,2,1827,44,3,0,2.5,9
225000,2.37,0,8,3300,0,0,4,3,2,1784,44,3,1,2,6
138000,0.83,0,16,3700,0,1,2,2,2,1851,44,3,1,2.5,8
218070,1,0,0,3500,1,0,2,3,2,2194,44,4,0,2.5,8
25000,0.21,0,75,900,0,0,4,2,2,920,44,2,0,1,6
112000,0.27,0,36,3800,0,0,2,3,3,1280,44,3,0,1,5
112500,0.72,0,43,4600,0,0,3,4,2,1232,44,3,1,1,5
97000,0.36,0,45,3600,0,0,2,3,2,1406,44,3,0,1.5,6
121000,0.52,0,6,2500,0,0,2,2,2,1164,44,3,0,2,5
65720,0.19,0,123,2100,0,0,2,3,3,1198,44,3,0,1,5
225000,0.38,0,10,6600,0,1,2,2,2,2206,44,4,1,2.5,8
192000,0.82,0,0,5000,1,1,2,2,2,1880,44,3,1,2.5,9
158500,0.69,0,6,3400,0,0,4,2,2,1368,44,3,0,1.5,8
247000,0.51,0,16,6000,0,1,2,2,2,1901,44,3,1,2.5,5
193777,0.72,0,11,3200,0,0,2,2,2,1547,44,3,0,2,8
136500,0.62,0,12,5400,0,0,2,2,2,896,44,3,0,2,5
75000,1,0,45,8000,0,0,2,2,2,1008,44,3,0,1,7
45000,0.52,0,75,3900,0,0,2,2,2,912,44,2,0,1,4
243000,0.82,0,12,3700,0,0,2,2,2,2443,44,3,0,2.5,6
90000,0.29,0,83,3900,0,0,2,2,3,900,44,4,0,1,7
158000,0.52,0,0,4400,1,1,2,2,2,2098,44,3,0,2,7
174000,0.64,0,9,3000,0,0,2,3,2,2115,44,4,1,2.5,7
150000,0.52,0,12,4500,0,0,2,2,2,1344,44,2,1,2,7
159650,1,0,3,5200,0,0,2,2,2,1106,44,3,0,1,8
139062,0.69,0,33,6500,0,0,2,3,2,1440,44,3,2,2,6
84950,0.13,0,0,15000,1,0,2,2,3,840,51,2,0,1,3
102000,0.22,0,10,7300,0,0,2,2,3,1170,51,2,0,1,6
175000,0.46,0,15,23400,0,0,4,2,2,1664,51,4,0,1,5
78500,1,0,153,27300,0,0,4,2,2,3024,51,4,0,1,12
232478,1,0,0,15900,0,0,2,2,1,2598,51,4,1,2.5,9
93805,0.13,0,0,15000,1,0,2,2,3,840,51,2,0,1.5,7
119900,1.03,0,63,41500,0,0,4,3,2,1701,41,5,0,1,10
146000,1.17,0,33,41800,0,0,4,2,2,1456,41,3,1,1.5,6
125000,0.34,0,44,19000,0,0,4,2,2,1224,71,3,0,1,4
135000,0.38,0,48,21300,0,0,2,2,2,1411,71,3,1,1,5
157500,1.96,0,29,39700,0,0,4,2,2,1608,71,3,1,1.5,5
135000,3,0,178,44500,0,0,4,3,2,3020,41,4,0,2.5,12
142900,0.33,0,32,22500,0,0,2,3,3,1898,64,3,1,1.5,7
259900,0.46,0,1,36600,1,1,2,2,3,2544,64,4,1,2.5,9
85000,0.29,0,16,22100,0,0,3,4,3,1038,64,2,0,1,7
180377,0.35,0,1,37000,1,0,2,2,3,1820,64,3,1,2.5,6
163500,0.28,0,21,28400,0,1,3,4,3,2202,64,3,1,2,10
106500,0.52,0,53,20300,0,0,4,2,2,2387,64,3,0,1,6
115000,0.11,0,16,20700,0,1,3,4,3,1368,64,2,1,1.5,3
115000,0.14,0,16,21000,0,1,3,4,3,1480,64,2,1,2,5
135000,0.14,0,15,19600,0,1,3,4,3,1348,64,2,1,1.5,5
198900,0.47,0,7,25500,0,1,2,2,3,1889,64,4,1,2.5,8
139000,0.14,0,16,19600,0,1,3,4,3,1343,64,2,1,1.5,6
206000,0.51,0,15,39600,0,1,2,2,3,2011,64,3,1,2.5,7
120000,0.21,0,15,28800,0,1,2,2,3,1180,64,2,1,1.5,3
205980,0.14,0,1,45200,1,1,2,2,3,1983,64,3,1,2.5,5
275000,0.55,0,14,72000,0,1,2,2,3,2253,64,3,1,2.5,7
139000,0.07,0,12,24500,0,1,2,2,3,1604,64,2,0,1.5,4
89900,0.49,0,83,11900,0,0,2,2,2,1196,45,3,0,1,6
139900,0.07,0,13,24500,0,1,2,2,3,1602,64,2,0,2.5,7
172750,0.36,0,1,37100,1,0,2,2,3,1747,64,3,0,2.5,5
136000,0.5,0,37,19800,0,0,4,3,2,1092,64,3,0,1,5
270000,0.48,0,10,37800,0,1,2,2,3,2410,64,4,1,2.5,11
174000,0.29,0,14,31100,0,1,2,2,3,1933,64,3,1,2.5,6
379000,0.68,0,9,57200,0,1,2,2,3,3080,64,4,1,2.5,12
382500,4.08,0,13,75500,0,1,4,2,2,4534,64,6,2,2.5,12
144900,0.1,0,14,26000,0,1,2,2,3,1677,64,3,1,2.5,5
349900,0.62,0,7,57800,0,1,2,2,3,2900,64,4,1,2.5,11
133000,0.07,0,16,20300,0,1,3,4,3,1392,64,2,1,1.5,5
115000,0.16,0,15,22400,0,0,2,2,3,1058,64,2,1,1.5,7
211950,0.36,0,1,29200,1,1,2,2,3,2342,64,4,1,2.5,8
227812,0.01,0,0,37200,1,1,2,2,3,2206,64,4,1,2.5,10
164400,0.34,0,1,36200,1,1,2,2,3,1516,64,3,1,2,5
340000,0.75,0,12,82500,0,1,2,2,3,2836,64,4,1,2.5,10
139900,0.29,0,15,35200,0,1,2,2,3,1256,64,2,0,1.5,7
279900,0.47,0,6,20000,0,1,2,2,3,2340,64,4,1,3.5,10
225000,0.32,0,0,53900,1,1,2,2,3,2129,64,4,1,2.5,9
144500,0.12,0,15,16800,0,1,2,2,3,1343,64,2,1,2.5,4
362710,1,0,0,24300,1,1,2,2,2,2963,64,4,1,2.5,10
247000,0.46,0,13,36600,0,1,2,2,3,2114,64,4,1,3.5,8
120000,0.18,0,16,21400,0,1,3,4,3,1144,64,2,1,1,7
136000,0.55,0,33,14900,0,0,4,2,2,988,64,3,1,1,7
228500,0.46,0,9,45800,0,0,2,2,3,1475,64,3,0,2,4
162800,0.15,0,10,28500,0,0,2,2,3,1247,64,3,0,1.5,7
230000,0.93,0,48,23500,0,0,2,3,2,1912,64,5,1,2,10
115800,0.46,0,23,19700,0,0,4,2,2,1440,64,3,0,1.5,5
175000,0.26,0,16,30100,0,1,2,2,3,1596,64,3,1,2,6
263008,0.63,0,0,24400,1,1,2,2,3,2665,64,4,1,2.5,11
146000,0.5,0,35,28000,0,0,2,3,2,1984,64,3,0,1.5,8
204900,0.03,0,10,35800,0,1,2,2,3,1616,64,3,0,2,6
265000,0.17,0,9,40500,0,0,2,2,3,1917,64,3,1,2.5,5
167500,0.64,0,37,16400,0,0,4,3,2,2592,64,3,1,1.5,9
205000,0.47,0,6,25500,0,0,2,2,3,1845,64,3,1,2.5,9
170000,0.92,0,53,29000,0,1,4,2,2,1360,57,4,0,1,9
176000,0.41,0,35,26200,0,1,2,2,3,1664,64,3,1,1.5,6
132000,0.16,0,15,22400,0,1,2,2,3,1098,64,2,1,1.5,3
115500,0.01,0,17,9900,0,0,3,4,3,1214,64,2,0,1.5,4
150000,0.29,0,93,9200,0,0,3,4,2,1046,57,3,0,1,6
120000,0.36,0,103,32200,0,0,4,2,2,1144,64,3,0,1,8
125000,0.28,0,16,22000,0,1,2,2,3,1140,64,2,1,2,6
150000,0.15,0,14,21000,0,0,2,2,3,1232,64,2,1,1.5,5
362360,0.59,0,0,153800,1,1,2,2,3,3020,64,4,1,2.5,9
133500,0.36,0,19,27000,0,0,2,2,3,1508,52,3,1,2,6
91000,0.16,0,19,15700,0,0,3,4,3,912,52,2,1,1.5,5
104000,0.34,0,18,27000,0,0,3,4,3,1508,52,3,0,1.5,4
148000,0.33,0,17,27000,0,0,2,2,3,1561,52,3,1,1.5,6
182000,0.56,0,30,26400,0,0,2,3,3,2625,64,4,1,2.5,8
152500,0.48,0,30,19600,0,0,2,3,3,936,52,3,1,1,7
97000,0.16,0,19,15700,0,0,3,4,3,912,52,2,0,1.5,3
113000,0.17,0,16,15100,0,0,3,4,3,1492,52,3,0,2.5,8
172000,0.46,0,30,26300,0,0,2,3,3,1599,64,4,1,2.5,5
179900,0.81,0,25,25000,0,0,3,4,2,2304,52,5,1,2.5,9
84000,0.15,0,19,15700,0,0,3,4,3,912,52,2,0,1.5,7
117900,0.15,0,17,15100,0,1,2,2,3,1385,52,2,1,1.5,7
177000,0.32,0,17,27000,0,0,3,4,3,1561,52,4,0,1.5,8
107500,0.16,0,20,15700,0,0,2,3,3,884,52,2,0,2,3
92500,0.15,0,18,15700,0,0,3,4,3,912,52,2,0,2,4
102900,0.15,0,17,15700,0,0,2,4,3,912,52,2,0,1.5,3
134800,0.48,0,73,20500,0,0,4,2,2,1384,52,3,0,2,5
150000,0.77,0,7,30000,0,0,2,2,3,1334,52,3,0,1.5,4
165000,0.42,0,10,26200,0,1,2,2,2,1433,64,3,1,2,5
120000,0.17,0,16,15100,0,0,3,4,3,1492,52,3,1,2.5,6
177500,0.32,0,16,27000,0,1,2,2,3,1561,52,4,1,1.5,9
300000,0.09,1,11,32000,0,0,3,4,3,936,52,1,0,1,3
123500,0.16,0,16,15100,0,0,3,4,3,1492,52,3,1,2.5,8
141000,0.16,0,18,15100,0,0,3,4,3,1853,52,3,0,2.5,7
105400,0.15,0,15,15100,0,0,3,4,3,1240,52,2,0,1.5,7
100600,0.17,0,19,15800,0,0,3,4,3,912,52,2,0,1.5,6
108900,0.17,0,19,15800,0,0,2,2,3,912,52,2,0,1.5,3
105500,0.16,0,19,15700,0,0,2,3,3,912,52,2,0,1.5,6
109900,0.16,0,19,15100,0,0,2,3,3,1184,52,3,0,1.5,8
172700,0.34,0,18,27000,0,0,3,4,3,1638,52,3,1,2,6
166500,0.31,0,16,27000,0,0,3,4,3,1508,52,3,1,2,6
105000,0.4,0,50,18000,0,0,3,4,3,672,52,2,0,1,5
490000,0.34,1,18,79700,0,0,4,2,3,1346,52,3,1,2,6
120000,0.16,0,18,15100,0,0,3,4,3,1184,52,3,0,2,5
107500,0.15,0,16,15700,0,0,2,2,3,912,52,2,0,1.5,4
116600,0.15,0,18,15700,0,0,3,4,3,912,52,2,1,1.5,5
65000,0.16,0,19,15700,0,0,2,2,3,988,52,2,0,2,4
118000,0.16,0,19,15100,0,0,2,2,3,1184,52,3,0,2,6
115900,0.15,0,16,15100,0,0,3,4,3,1385,52,2,0,1.5,4
100000,0.15,0,18,15700,0,0,2,3,3,912,52,2,0,1.5,3
171000,0.37,0,18,27000,0,1,2,2,3,1548,52,3,1,2,5
188000,0.31,0,17,27000,0,0,3,4,3,1561,52,4,0,1.5,9
140000,1,0,24,21000,0,1,2,2,2,1008,52,2,0,1,3
124500,0.15,0,17,15200,0,0,3,4,3,1385,52,2,0,1.5,4
107200,0.16,0,19,15700,0,0,2,2,3,908,52,2,0,1,6
107500,0.24,0,138,1400,0,0,4,3,3,2246,39,4,0,1.5,9
180000,2.06,0,16,5900,0,0,2,2,2,1820,39,3,1,2.5,5
214325,0.42,0,0,13000,1,1,2,2,3,2554,64,4,1,2.5,9
128850,0.92,0,16,5500,0,0,3,4,2,824,45,3,0,1.5,5
208700,0.4,0,0,15000,0,0,2,2,3,2458,64,4,1,2.5,9
139900,0.36,0,22,10500,0,0,3,4,3,1324,64,3,0,1,4
350000,5.84,0,12,20000,0,1,2,2,3,2916,64,3,1,2.5,9
108000,0.16,0,19,15100,0,0,3,4,3,1032,52,2,0,1.5,4
115500,0.15,0,16,15700,0,0,3,4,3,912,52,2,1,1.5,4
135000,0.98,0,35,19600,0,0,3,4,2,1320,52,2,0,1,3
135000,0.33,0,17,27000,0,0,2,2,3,1508,52,3,1,1.5,8
107400,0.16,0,16,15700,0,0,3,4,3,912,52,2,1,1.5,7
233000,0.09,0,12,31200,0,1,2,2,2,2040,52,4,1,2.5,7
105000,0.16,0,17,15700,0,0,3,4,3,912,52,2,1,1.5,5
335000,3,0,10,53600,0,1,4,2,3,1776,52,2,0,2,6
139000,0.58,0,25,25000,0,0,3,4,3,1304,64,3,0,2,8
209500,0.42,0,10,26200,0,1,2,2,2,1836,64,4,1,2.5,8
101000,0.17,0,18,15800,0,0,3,4,3,912,52,2,0,2,3
77500,0.16,0,19,15700,0,0,3,4,3,912,52,2,0,1.5,6
150500,0.31,0,16,27000,0,0,3,4,3,1527,52,2,1,2,7
167000,0.99,0,17,5700,0,0,3,4,2,1454,39,3,0,1.5,7
114000,0.26,0,26,4600,0,0,4,3,3,1700,39,3,1,1.5,4
160000,0.45,0,27,7000,0,0,3,4,3,1680,45,4,0,1,9
85000,0.49,0,0,13000,0,1,2,2,3,2401,64,4,1,2.5,10
143000,0.35,0,21,11000,0,0,3,4,3,1176,64,3,0,1,7
126000,0.4,0,24,9800,0,0,3,4,3,1344,64,3,1,1.5,7
140000,0.48,0,23,10400,0,0,3,4,3,1344,64,3,0,1.5,8
140000,0.35,0,9,13000,0,0,2,3,2,1714,64,3,0,2.5,8
205000,0.25,0,20,29000,0,0,2,2,3,1992,64,4,1,3,9
79900,0.12,0,19,18200,0,1,2,2,3,924,64,2,0,1,7
139000,0.09,0,24,17600,0,1,2,2,3,1290,64,2,1,1.5,3
190000,0.46,0,36,27400,0,0,2,3,3,2521,64,4,1,2.5,10
151500,0.71,0,58,22700,0,0,4,3,3,1377,82,3,1,1.5,7
97500,0.06,0,19,16400,0,1,2,2,3,1237,64,2,1,1.5,6
194500,0.61,0,41,32300,0,1,2,3,3,2310,64,4,1,2.5,7
195160,0.32,0,0,35000,0,0,2,2,3,1863,64,3,1,2.5,9
152500,0.37,0,26,37500,0,1,2,2,3,1693,64,3,1,1.5,8
159500,0.29,0,26,31400,0,1,2,2,3,1684,64,3,1,2.5,4
185000,0.95,0,16,40900,0,1,3,4,3,1585,64,3,1,1.5,4
240000,0.67,0,8,72400,0,1,2,2,3,2290,64,4,1,3,9
187900,0.4,0,32,30000,0,1,2,2,3,2464,64,5,1,2.5,9
262000,0.29,0,5,29000,0,1,2,2,3,2549,64,4,1,2.5,12
212500,0.35,0,6,36500,0,1,2,2,3,2316,64,4,1,2.5,7
220000,0.37,0,18,43000,0,1,2,2,2,2600,64,4,1,2.5,8
245000,0.53,0,15,65800,0,1,2,2,3,2677,64,4,1,2.5,10
120000,0.06,0,19,16400,0,1,3,4,3,1479,64,3,0,1.5,4
102500,0.15,0,16,18500,0,1,3,4,3,1138,64,2,0,1,7
136000,0.27,0,24,18900,0,0,2,3,3,1576,64,3,0,2.5,4
212500,0.43,0,10,52200,0,1,2,2,3,2084,82,4,1,2.5,9
205900,0.06,0,26,35900,0,1,2,2,3,1726,64,3,1,2,8
259900,1,0,2,49900,0,1,2,2,2,1851,71,2,2,2,4
191500,0.46,0,30,27400,0,0,2,2,3,2310,64,5,1,2.5,12
272500,0.03,0,0,56800,0,0,2,2,3,2930,64,4,1,2.5,12
191500,0.88,0,33,35900,0,0,2,3,3,2576,64,4,1,2.5,10
158000,0.55,0,36,30500,0,0,2,3,3,1664,64,3,1,2,8
195000,1,0,24,46000,0,0,3,4,2,1237,64,2,0,1.5,3
187500,0.43,0,29,31400,0,1,2,2,3,2662,64,5,1,2.5,9
160000,0.45,0,35,32300,0,0,2,2,3,1575,64,3,1,1.5,7
137500,0.1,0,12,18000,0,1,2,2,3,1566,64,2,0,1.5,7
109900,0.09,0,16,17600,0,1,2,2,3,1326,64,2,1,1.5,4
85000,0.09,0,18,17600,0,0,2,3,3,1480,64,3,0,1.5,8
184350,0.59,0,0,38400,0,0,2,2,3,2161,64,4,1,2.5,11
134500,0.16,0,10,18600,0,1,2,2,3,1352,64,2,1,1.5,3
154900,0.51,0,33,34600,0,1,2,2,3,1648,64,3,0,1.5,8
255000,0.46,0,25,60500,0,1,2,2,3,2936,64,3,1,3.5,12
238600,0.46,0,1,36400,0,0,2,2,3,2404,64,4,1,2.5,10
106000,0.42,0,36,30900,0,0,2,2,3,1738,64,3,0,1.5,9
625000,0.45,0,14,119500,0,1,2,2,3,5228,64,4,4,4,12
195000,0.55,0,34,30500,0,0,2,3,3,2576,64,4,1,2.5,12
168500,0.44,0,34,31800,0,0,2,2,3,1586,64,3,1,1.5,7
87000,0.06,0,19,16400,0,0,3,4,3,1480,64,3,0,1.5,5
215000,0.5,0,15,37000,0,0,2,2,3,1917,64,4,1,2.5,7
197500,0.3,0,30,24500,0,1,2,2,3,1938,64,3,1,1.5,9
215000,0.33,0,3,11600,0,1,2,2,3,2110,64,4,1,2.5,8
118000,0.14,0,19,18400,0,0,2,2,3,1479,64,3,0,1.5,5
187900,0.69,0,34,34700,0,0,2,3,3,2576,64,5,1,2.5,9
275000,0.38,0,18,60800,0,1,2,2,3,2445,82,4,2,2.5,9
249900,0.74,0,14,73800,0,1,2,2,3,2185,64,3,1,2.5,7
270000,0.38,0,18,82800,0,1,3,2,2,2078,64,4,1,2.5,8
157900,0.38,0,37,29100,0,0,2,2,3,1674,64,3,1,1.5,5
120000,0.29,0,19,20300,0,0,3,4,3,1228,64,4,0,1.5,9
126400,0.28,0,22,19500,0,1,3,4,3,1375,64,2,1,1.5,7
220000,0.54,0,16,30200,0,1,2,2,3,1650,64,3,1,2,5
180000,0.26,0,31,21900,0,1,2,2,3,1718,64,3,1,1.5,9
203600,0.59,0,33,31700,0,0,2,3,3,2576,64,4,1,2.5,9
249900,0.37,0,4,37500,0,0,2,2,3,2280,64,4,1,2.5,7
193000,0.4,0,18,25000,0,0,2,3,3,2088,64,4,1,2.5,10
215000,0.5,0,15,37000,0,0,2,2,3,1917,64,4,1,2.5,9
201000,0.54,0,29,30200,0,0,2,3,3,3140,64,5,1,3.5,10
65000,0.22,0,73,6900,0,0,2,2,2,1029,82,3,0,1,4
195000,0.35,0,36,39800,0,1,2,2,3,1896,64,4,1,2.5,7
215900,0.52,0,38,29600,0,0,2,3,3,2310,64,5,1,2.5,9
92000,0.31,0,17,19600,0,0,3,4,3,924,64,2,1,1,6
155000,0.38,0,25,38000,0,1,2,4,3,2080,64,3,1,2.5,9
123500,0.08,0,22,17200,0,1,3,4,3,1237,64,3,1,1.5,4
110400,0.1,0,29,18000,0,1,2,2,3,1287,64,3,0,1.5,5
198900,0.44,0,18,33200,0,0,2,3,3,1847,64,3,1,2.5,7
150000,0.26,0,49,41900,0,1,2,2,2,1064,64,3,0,1,8
104000,0.07,0,18,16800,0,1,2,2,3,1480,64,3,1,1.5,4
245000,0.48,0,23,48500,0,1,2,2,3,2462,64,5,2,3.5,8
180000,0.41,0,17,25400,0,0,2,3,3,2228,64,3,1,2.5,7
154300,0.42,0,61,14700,0,0,2,3,2,1260,82,3,0,1,8
170000,0.45,0,30,30000,0,0,2,2,3,1559,64,4,1,2.5,5
219000,0.6,0,25,71000,0,1,2,2,3,1980,64,4,1,2.5,10
295000,0.95,0,9,78000,0,0,2,2,2,2380,82,3,1,2.5,6
181500,0.56,0,27,30800,0,0,2,3,3,1887,64,4,1,2.5,8
260000,1.25,0,133,43500,0,0,2,3,2,2185,64,4,1,1.5,11
239900,0.7,0,15,69400,0,1,3,4,3,2488,64,4,1,2.5,7
135500,0.67,0,56,21100,0,0,2,2,2,1152,64,1,0,2,3
191500,0.66,0,15,32100,0,0,2,3,3,2025,64,4,1,2.5,9
225000,0.62,0,37,32600,0,0,2,3,3,2521,64,5,1,2.5,12
98500,0.08,0,18,17200,0,1,2,2,3,1480,64,3,0,1.5,4
110500,0.08,0,17,17200,0,1,2,2,3,1480,64,3,1,1.5,5
290000,0.51,0,7,39100,0,0,2,2,3,2362,64,4,1,2.5,8
184400,0.28,0,31,23200,0,1,2,2,3,1910,64,3,1,1.5,7
178500,1,0,12,32000,0,0,4,2,2,1952,71,3,2,2,9
415000,0.58,0,9,86400,0,1,2,2,3,3358,64,4,1,3.5,12
244900,0.43,0,26,39000,0,1,2,2,3,2090,64,4,1,2.5,7
150000,0.55,0,35,33000,0,1,2,2,3,1965,64,5,1,2,11
168000,0.49,0,33,34100,0,1,2,2,3,2110,64,4,1,1.5,9
159000,0.39,0,43,29600,0,0,2,2,2,1456,64,4,0,2.5,9
127000,0.06,0,18,16400,0,0,2,2,3,1479,64,3,0,1.5,7
175000,0.46,0,29,27400,0,0,2,3,3,1874,64,4,1,2.5,7
255250,0.5,0,0,17500,0,0,2,2,3,2099,64,4,1,2.5,8
175000,0.6,0,33,32000,0,0,2,3,3,1872,64,3,1,2.5,8
235000,0.41,0,17,44300,0,1,3,4,3,2388,64,4,1,2.5,11
324000,0.53,0,18,65800,0,1,2,2,3,2812,64,4,1,2.5,12
173000,0.21,0,11,19100,0,0,2,2,3,1064,64,2,1,2,4
116900,0.06,0,20,16400,0,1,2,2,3,1375,64,2,0,1.5,7
105900,0.09,0,19,17600,0,0,3,2,3,1480,64,3,0,1.5,5
112000,0.13,0,25,18300,0,1,2,2,3,1260,64,2,1,1.5,5
235000,0.72,0,15,40300,0,1,2,2,3,2086,64,3,1,2.5,5
235000,1,0,9,43900,0,0,4,2,2,2588,64,4,1,2.5,12
130000,0.18,0,18,18800,0,0,3,4,3,1480,64,3,0,1.5,4
235000,0.74,0,10,35700,0,0,2,2,3,1752,64,3,1,2.5,7
191900,0.48,0,32,28200,0,0,2,3,3,2660,64,4,1,2.5,11
284900,0.58,0,20,69500,0,1,2,2,3,2417,64,3,1,2.5,9
335000,0.01,0,21,79100,0,1,2,2,3,2793,64,3,1,2.5,7
140000,1,0,78,21200,0,0,4,3,2,1152,64,2,0,1,6
191000,0.41,0,29,25400,0,0,2,3,3,2344,64,4,1,2.5,9
153000,0.51,0,33,34600,0,1,2,2,3,1926,64,4,1,1.5,6
196000,0.55,0,35,34800,0,1,2,2,3,2208,64,4,1,2.5,9
248000,0.46,0,16,60500,0,1,2,2,3,2208,64,3,1,2.5,7
240000,0.6,0,35,32000,0,0,2,3,3,2708,64,5,2,2.5,12
132000,0.19,0,18,18900,0,1,2,2,3,1142,64,3,0,1.5,6
199000,1.42,0,32,48300,0,1,2,2,2,2529,64,3,1,2,7
217000,0.69,0,20,35500,0,0,3,4,2,1797,64,4,0,2,9
167000,0.51,0,31,34600,0,0,2,2,3,1611,64,3,1,1.5,4
245000,0.29,0,13,31400,0,1,2,2,3,2576,64,4,1,2.5,10
358000,0.06,0,10,79600,0,1,2,2,2,2653,82,4,0,2.5,10
412500,0.6,0,13,88000,0,1,2,3,3,3896,64,5,2,4.5,12
208000,0.53,0,16,37500,0,1,2,2,3,1585,64,3,1,1,6
270000,0.38,0,10,38000,0,1,2,2,3,2774,64,4,1,2.5,8
100000,0.74,0,54,28300,0,0,2,2,2,1283,64,2,1,1,3
130000,0.56,0,29,34800,0,0,4,2,2,1136,64,3,0,1,6
182500,0.71,0,32,35100,0,0,2,3,3,1896,64,4,1,2.5,6
139000,2.84,0,55,60200,0,0,2,3,2,1536,64,2,1,1,7
104000,0.09,0,19,17600,0,0,3,4,3,1480,64,3,1,1.5,5
221000,0.52,0,14,37300,0,1,2,2,3,2096,64,4,1,2.5,8
260000,1,0,8,40200,0,1,2,2,3,2324,64,4,0,2.5,7
182500,0.5,0,29,29000,0,0,2,3,3,2079,64,4,1,2.5,7
196000,0.43,0,33,31400,0,1,2,2,3,1911,64,4,1,1.5,10
132000,0.09,0,18,17600,0,1,2,2,3,1480,64,3,1,1.5,7
224900,0.11,0,25,32900,0,0,2,3,2,2208,64,4,1,2.5,10
199900,0.24,0,9,28000,0,0,2,2,3,1462,64,3,0,2.5,7
165835,0.39,0,38,29600,0,0,2,2,2,1794,64,4,1,1.5,10
189000,0.8,0,38,35500,0,0,2,3,3,1886,64,4,1,2.5,9
89900,0.19,0,19,13300,0,0,3,4,3,1080,64,3,0,1.5,7
235000,0.59,0,34,31700,0,1,2,3,3,2576,64,5,1,3,11
166000,0.48,0,26,31200,0,0,2,3,3,1508,64,4,1,1.5,5
153100,0.46,0,35,32700,0,0,2,2,3,1672,64,4,1,1,5
162000,0.4,0,35,30000,0,1,2,2,3,1739,64,4,1,1.5,9
224000,0.52,0,40,29600,0,0,2,3,2,3074,64,7,1,2.5,12
222400,0.86,0,3,35600,0,0,2,2,2,1976,64,3,1,2.5,8
199000,0.46,0,37,27400,0,0,2,3,3,2302,64,4,1,2.5,8
166000,0.95,0,13,9500,0,1,2,2,2,1480,51,3,1,2,4
149900,0.63,0,11,17900,0,0,2,3,3,960,54,2,0,2,5
152000,0.42,0,16,17400,0,0,3,4,2,1582,36,3,0,1.5,8
162500,0.34,0,154,11900,0,0,4,2,3,1600,54,4,0,1,7
274900,0.5,0,5,4000,0,0,2,2,3,2320,54,4,0,2.5,9
100000,0.2,0,14,7200,0,0,2,3,3,1034,54,2,0,1.5,5
215000,2.96,0,19,11000,0,0,3,4,2,1488,57,3,0,1.5,8
124000,1,0,17,3500,0,0,3,4,2,1056,57,3,0,1,8
125000,1,0,128,16200,0,0,4,2,2,864,57,3,0,1,6
138000,1,0,19,17600,0,0,3,4,2,1552,57,3,1,2,4
225000,0.52,0,11,18200,0,0,2,2,3,1816,57,3,1,1.5,6
180000,0.48,0,20,12500,0,1,2,2,2,1530,57,3,1,2,6
189900,0.33,0,14,11900,0,1,2,2,3,1756,54,4,0,2,8
435000,1,0,25,25000,0,0,2,3,2,4211,57,5,2,3.5,12
120000,2.6,0,10,20200,0,0,4,2,2,2206,57,3,1,2.5,7
163000,0.15,1,64,36000,0,0,4,2,3,1092,36,2,0,1,6
131000,2.8,0,114,28300,0,0,4,3,2,1594,36,7,0,1,10
126500,0.08,0,15,2100,0,0,2,2,3,1480,54,3,1,2.5,8
122500,0.14,0,15,3200,0,1,2,2,3,1480,54,3,1,1.5,4
425000,0.46,0,88,19700,0,1,2,2,2,3003,57,4,1,3.5,12
225000,0.63,0,54,9500,0,0,4,3,2,2164,57,2,0,1.5,7
209000,3.8,0,19,14400,0,0,4,3,2,1519,57,2,0,1,3
189100,0.46,0,15,15700,0,1,4,2,2,1604,57,3,1,2.5,4
285000,0.98,0,25,15900,0,0,3,4,2,1400,57,3,1,2,5
266600,1,0,12,20300,0,0,2,2,2,1752,57,4,0,1,7
80000,1,0,32,20300,0,0,3,4,2,880,57,2,0,1.5,6
225000,6.07,0,14,25700,0,0,4,2,2,1240,57,3,0,2,5
159000,0.03,0,17,18800,0,0,2,2,2,1514,36,3,1,1.5,8
119900,0.18,0,2,15000,0,1,2,2,3,840,36,1,0,1,6
130900,0.11,0,1,15000,0,1,2,2,3,840,36,2,0,1,3
194670,0.28,0,124,7400,0,0,2,2,3,2592,36,4,0,1.5,12
72000,0.18,0,121,7300,0,0,2,2,3,1010,36,3,0,1,7
144700,0.16,0,2,15000,0,0,2,2,3,1380,36,3,0,1.5,6
139500,0.15,0,3,15000,0,1,2,2,3,1366,36,3,0,1.5,8
319000,0.5,1,5,40200,0,1,2,2,3,1681,57,3,1,2.5,4
348000,3.68,0,14,27200,0,0,4,3,2,2037,36,3,1,2,9
189900,0.98,0,16,11200,0,0,4,3,2,2570,36,3,0,1.5,10
20000,0.52,0,59,8000,0,0,4,2,2,936,20,2,0,1,4
60000,0.01,0,13,1200,0,0,2,3,3,960,41,2,0,1.5,7
179500,0.91,0,11,3200,0,0,4,2,2,1352,30,3,1,1.5,5
133300,0.34,0,118,6200,0,0,2,3,3,1060,41,4,0,1,8
153000,2.06,0,6,40100,0,0,4,2,2,1508,30,3,0,2,5
111900,0.35,0,54,19600,0,0,4,2,2,1272,60,4,1,1.5,9
187000,0.47,0,18,18800,0,0,4,3,2,2389,27,6,0,3,11
158500,0.7,0,17,28800,0,0,2,2,2,1210,60,2,1,1,4
153000,0.39,0,52,21800,0,0,4,2,2,1230,60,3,1,1,6
190000,0.52,0,47,28100,0,0,4,2,2,1832,60,4,1,2,8
242000,1.27,0,27,34200,0,0,4,3,2,1854,60,3,1,1.5,8
234500,2,0,164,40000,0,0,4,2,2,2268,60,3,0,2.5,10
225000,0.68,0,29,28700,0,0,4,2,2,1807,60,3,1,1.5,8
165000,0.38,0,48,21300,0,0,2,2,2,1272,60,4,1,1.5,5
129900,0.28,0,12,4800,0,1,2,2,3,1560,47,3,1,1,8
315000,0.07,0,15,200,0,1,2,2,3,1863,47,3,1,3.5,7
129900,0.24,1,64,1400,0,0,4,2,2,1120,47,2,0,1,3
257000,0.26,0,15,700,0,1,2,2,3,1832,47,2,1,2.5,8
324000,3.64,0,0,7400,0,1,4,2,3,2092,47,4,1,2.5,8
520000,0.41,0,13,3100,0,0,4,2,3,2702,47,3,1,2.5,11
150414,0.46,0,32,5800,0,0,4,3,3,1040,47,3,1,1.5,5
290000,0.15,0,13,400,0,1,2,2,3,1758,47,2,1,2.5,6
112000,0.16,0,116,6800,0,0,4,2,3,2326,27,3,0,2,7
185000,1,0,13,13700,0,0,3,4,2,2340,27,3,0,1.5,8
295000,2.61,0,1,15700,0,0,4,3,2,2058,27,3,1,2.5,9
290000,1,1,33,21700,0,0,4,2,2,944,27,1,1,1,4
79900,0.19,0,44,9100,0,0,3,4,2,640,20,2,0,1,6
256000,0.83,0,6,14700,0,1,2,2,2,2353,60,4,1,2.5,8
245000,1,0,7,17800,0,0,2,3,2,2038,54,4,1,2.5,7
140000,0.42,0,32,18500,0,1,2,2,2,1469,60,4,0,1.5,9
272000,0.87,0,10,41100,0,0,2,2,3,2219,63,3,1,2,10
164000,0.68,0,16,19900,0,0,2,2,3,1774,54,4,0,2,7
182500,0.38,0,51,14600,0,1,4,2,2,1296,60,4,1,2,9
219900,1.1,0,124,20100,0,0,4,3,2,2289,60,4,1,1.5,9
325000,0.8,0,134,18100,0,0,2,2,2,2463,60,5,2,2.5,12
352000,0.95,0,2,49200,0,1,4,2,2,3126,54,4,0,2.5,12
315000,4.1,0,15,26600,0,0,4,3,2,2550,54,3,0,2.5,7
154000,0.34,0,49,13100,0,1,4,2,2,1182,60,2,0,1,6
199000,0.09,0,48,15800,0,1,4,2,2,1890,60,4,1,2,7
202000,1,0,12,500,0,0,4,2,1,1944,36,3,1,2.5,7
292000,0.57,0,6,15000,0,0,2,2,3,2815,57,4,1,2.5,10
116600,1,0,11,34900,0,0,3,4,2,1040,57,3,1,2,7
155000,0.48,0,25,14400,0,0,4,2,2,1638,57,4,0,2,5
215000,0.14,0,13,21100,0,0,2,2,2,2206,57,4,1,2.5,9
373490,0.19,0,0,74800,1,0,2,2,3,3170,57,4,1,3.5,12
259142,0.5,0,0,74800,1,1,2,2,3,2328,57,4,1,2.5,10
293565,0.35,0,0,74800,1,0,2,2,3,2737,57,4,1,3,8
285558,0.21,0,0,32000,1,0,2,2,3,2879,54,4,0,3,8
273960,3.47,0,1,20300,1,1,2,2,2,2158,54,3,1,2,10
185000,0.55,0,11,19300,0,1,2,2,3,1336,57,3,1,2,7
190000,0.53,0,4,4200,0,0,2,2,3,1594,54,3,0,2.5,6
171000,0.54,0,11,18900,0,1,2,2,3,1603,57,3,0,1.5,4
208000,0.54,0,11,18900,0,1,2,2,3,2190,57,4,0,2.5,11
168000,0.32,0,10,10700,0,1,2,2,3,1478,54,3,1,2.5,5
165000,0.25,0,10,8400,0,1,2,2,3,1348,54,2,0,2,7
138500,0.32,0,36,8000,0,1,2,2,2,1558,54,3,1,1,6
179900,0.5,0,13,18300,0,0,2,2,3,1574,54,3,1,1.5,7
180000,0.04,0,13,16500,0,1,2,2,3,1612,54,4,0,2,7
112000,0.21,0,129,7300,0,0,2,3,3,1216,54,3,0,1,7
152000,0.17,0,124,6000,0,1,2,2,3,2256,54,4,0,1.5,8
100000,0.51,0,28,15000,0,0,4,2,2,1170,54,3,1,1.5,4
154000,0.17,0,29,4600,0,0,4,2,3,1456,57,3,0,2,6
133000,0.11,0,29,3900,0,0,3,4,3,1320,57,3,0,3,5
285000,0.14,0,14,20700,0,1,2,2,2,2076,57,4,1,2.5,10
138000,1,0,22,16800,0,0,3,4,2,1326,57,3,0,2,5
303000,0.18,0,20,20900,0,0,3,4,2,2240,57,4,1,2.5,10
250000,1.29,0,19,21600,0,1,2,2,2,2100,57,4,1,3,7
167500,1,0,27,8300,0,0,4,2,2,1129,38,2,0,1,7
190000,0.6,0,19,16000,0,1,2,2,2,2296,57,4,1,2.5,7
182500,0.46,0,20,13800,0,0,2,2,2,1475,57,3,1,2,8
107000,1.03,0,20,20100,0,0,2,2,2,1268,57,3,1,1,6
195000,0.47,0,15,14100,0,0,2,2,2,1816,57,3,1,2,7
169000,0.5,0,30,15000,0,0,2,3,2,1632,57,4,1,2.5,8
156000,0.26,0,11,8700,0,0,2,2,3,1254,54,2,0,1.5,5
120000,0.49,0,30,64400,0,0,2,2,3,1272,57,3,0,1,4
170000,0.28,0,29,80800,0,1,2,2,3,1604,57,4,0,1.5,6
249835,0.52,0,0,77000,0,1,2,2,3,2474,57,4,1,2.5,11
188095,0.15,0,0,36000,0,1,2,2,3,2057,57,3,1,2.5,9
176450,0.05,0,6,32000,0,1,3,4,3,1852,57,3,0,2.5,8
322277,0.09,0,1,51400,0,1,2,2,3,2242,57,3,0,3,8
149000,0.49,0,32,64400,0,0,2,2,3,1564,57,4,1,1.5,9
95000,0.19,0,24,39200,0,0,3,4,2,960,57,3,0,1,6
198500,0.1,0,63,85000,0,1,2,2,3,1680,57,2,0,2.5,7
185000,0.03,0,3,27000,0,1,2,2,3,1428,57,2,1,2.5,6
168900,0.16,0,0,36800,0,1,2,2,3,1672,57,3,0,2.5,7
220000,0.28,0,29,80800,0,1,2,2,3,2284,57,3,1,1.5,6
129900,0.32,0,31,54200,0,1,2,2,3,1286,57,3,1,1,4
167000,0.23,0,53,73000,0,0,2,3,3,1250,57,3,0,1,4
330000,0.12,0,113,51300,0,0,4,3,3,1896,57,4,0,1.5,8
336000,0.15,0,1,61000,0,1,2,2,3,2592,57,3,0,3,10
512971,0.01,0,0,12500,0,1,2,2,3,1904,57,2,1,2,8
229000,0.29,0,3,46400,0,1,2,2,3,1680,57,3,0,2,6
145000,0.16,0,38,54900,0,0,2,2,3,1152,57,2,1,1,7
103000,0.07,0,16,46600,0,1,3,4,3,1290,57,3,1,1.5,5
210000,0.17,0,93,55800,0,0,2,2,3,2396,57,4,1,1.5,11
559000,0.24,0,55,255000,0,1,2,3,3,3090,57,4,2,4,12
218000,0.21,0,142,107000,0,0,4,3,3,1428,57,3,0,1,8
262138,0.15,0,0,114000,0,1,2,2,3,1631,57,3,1,2.5,4
125000,0.24,0,33,49100,0,0,2,2,3,1368,57,3,0,1,7
130000,0.16,0,36,54900,0,0,2,2,3,1134,57,3,0,1,4
157500,0.3,0,27,84600,0,1,2,2,3,1697,57,3,1,1.5,6
193000,0.3,0,6,47000,0,1,2,2,3,1666,57,3,1,2.5,4
275000,0.12,0,78,89000,0,1,4,3,3,1738,57,4,1,2.5,6
240000,0.15,0,103,210000,0,0,2,3,3,1457,57,2,0,1.5,7
200136,0.15,0,0,54000,0,1,2,2,3,1632,57,3,1,2.5,7
395000,1.4,0,12,128500,0,1,2,2,1,2186,57,3,0,2.5,6
366703,0.15,0,0,95000,0,1,3,2,3,2117,57,3,1,2.5,6
103150,0.25,0,32,50000,0,0,2,2,3,936,57,3,1,1,8
310000,0.17,0,169,220000,0,0,2,3,3,3347,57,6,2,2.5,12
142900,0.36,0,32,50600,0,1,2,2,3,1824,57,4,1,2.5,10
359770,0.16,0,1,62600,0,1,2,2,3,2592,57,3,0,3,8
126000,0.68,0,64,84200,0,0,4,2,2,1080,57,2,0,1,7
760000,1.22,0,2,194700,0,1,2,2,2,3148,57,5,0,3.5,12
282500,0.25,0,150,115000,0,0,2,3,3,2128,57,3,1,1.5,8
132000,0.06,0,18,28800,0,0,2,2,3,1616,57,3,0,1.5,8
325000,0.23,0,5,73800,0,1,2,2,3,3313,57,4,1,2.5,12
207000,0.48,0,25,57800,0,0,2,3,3,2327,57,3,1,1.5,10
155000,0.24,0,32,49100,0,1,2,2,3,1640,57,4,1,1.5,7
330000,0.12,0,73,89000,0,0,2,3,3,1421,57,3,0,1.5,5
101760,0.15,0,103,54000,0,0,2,3,3,1280,57,2,1,1,3
496000,0.34,0,3,82400,0,1,2,2,3,3467,57,4,1,2.5,11
185000,0.11,0,83,87000,0,0,2,3,3,1250,57,3,0,1.5,5
125000,0.25,0,33,50000,0,0,2,2,3,1368,57,3,0,1,5
286000,0.13,0,1,110200,0,0,2,2,3,1396,57,3,0,2.5,8
269000,0.04,0,15,36000,0,1,2,2,3,2004,57,3,1,2.5,8
303374,0.12,0,1,56200,0,1,2,2,3,2242,57,3,0,3,6
371165,0.39,0,0,85400,0,0,2,2,3,2786,57,4,1,2.5,8
287600,0.07,0,0,48200,0,1,2,2,3,2242,57,3,0,2.5,6
131000,0.34,0,33,55400,0,0,2,2,3,1404,57,3,0,1,6
187000,1,0,25,98500,0,1,2,2,2,1600,57,3,1,1.5,7
169000,0.04,0,103,36000,0,0,2,2,3,1408,57,2,0,1,3
133500,0.21,0,37,59400,0,0,2,2,3,972,57,3,0,1,8
620000,1.06,0,14,125100,0,1,4,2,2,4856,57,5,2,4,12
549254,0.25,0,0,63000,0,1,2,2,3,2885,57,3,1,2.5,11
280000,0.09,0,82,83000,0,0,2,2,3,1560,57,2,0,1,6
135000,0.26,0,33,50600,0,0,2,2,3,1472,57,3,0,1,8
195388,0.14,0,0,35200,0,1,2,2,3,2124,57,3,1,2.5,10
337020,0.15,0,1,114000,0,1,2,2,3,2162,57,3,1,2.5,7
330850,0.46,0,0,89600,0,0,2,2,3,2515,57,4,1,2.5,8
248495,0.63,0,0,98500,0,1,2,2,3,2294,57,4,1,2.5,11
120000,0.26,0,123,63300,0,0,2,2,3,1744,57,4,0,1,6
240000,0.48,0,0,90800,0,1,2,2,3,2022,57,3,1,2.5,8
235000,0.22,0,34,72000,0,1,2,3,3,1578,57,3,0,2,8
500075,0.91,1,0,239300,0,1,2,2,3,3400,57,3,0,3,12
240000,0.07,0,13,48200,0,1,2,2,3,1744,57,3,1,2.5,6
270000,0.46,0,0,89600,0,1,2,2,3,2560,57,3,1,2.5,9
225000,0.12,0,51,89000,0,1,2,2,3,1398,57,3,0,2.5,4
280000,0.16,0,0,62600,0,1,2,2,3,2494,57,3,0,2.5,8
225000,0.48,0,27,57800,0,1,2,2,3,2208,57,4,2,2.5,11
248220,0.46,0,0,89600,0,1,2,2,3,2550,57,3,1,2.5,7
275000,0.03,0,16,27000,0,1,2,2,3,1812,57,2,1,2.5,7
137000,0.12,0,50,89000,0,0,2,3,3,1290,57,2,0,1,3
150000,0.14,0,16,52200,0,0,2,2,3,1172,57,2,0,2,3
649000,1.04,0,10,192900,0,1,2,2,2,4128,57,3,2,3.5,12
195000,0.49,0,17,64400,0,1,3,4,3,1816,57,3,1,2.5,5
373200,0.65,0,4,99500,0,0,2,2,3,2628,57,4,1,2.5,8
169450,0.15,0,0,36000,0,1,2,2,3,1254,57,3,1,2.5,4
144200,0.15,0,113,54000,0,0,2,2,3,1660,57,4,1,1.5,9
189900,0.5,0,43,73500,0,0,2,2,3,1850,57,3,1,1.5,7
166000,0.14,0,0,35200,0,1,2,2,3,1258,57,3,0,2,8
160000,0.23,0,0,42400,0,1,2,2,3,1219,57,3,0,2,5
327355,0.14,0,14,59400,0,1,2,2,3,1850,57,3,1,2.5,6
247000,0.29,0,9,52400,0,0,2,2,3,2103,57,3,0,2.5,7
318000,0.23,0,3,73800,0,1,2,2,3,1806,57,3,1,2.5,8
341000,0.23,0,52,250000,0,0,2,3,3,1674,57,2,1,1.5,4
288650,0.08,0,0,49800,0,1,2,2,3,2242,57,3,0,2.5,10
157000,0.03,0,103,27000,0,0,2,2,3,1408,57,3,0,1.5,4
449000,1,0,20,124800,0,1,3,4,2,3457,57,3,2,2.5,12
142000,0.16,0,28,50400,0,0,2,2,3,1728,57,3,0,1.5,6
389000,1,0,16,125900,0,1,3,4,2,2354,57,3,2,2.5,6
476000,0.42,0,4,87200,0,1,2,2,3,2246,57,3,1,2.5,9
249230,0.18,0,0,119700,0,1,2,2,3,1902,57,2,1,2.5,4
139900,0.3,0,30,53000,0,0,2,2,3,1178,57,3,0,1,7
301900,0.73,0,0,103500,0,1,2,2,3,2896,57,4,1,3.5,11
425000,1.03,0,24,124800,0,1,2,2,3,2457,57,3,1,3,9
121000,0.25,0,32,50000,0,0,2,2,3,936,57,3,0,1,8
150000,0.19,0,123,103000,0,0,2,3,3,934,57,2,0,1,7
138000,0.29,0,30,52400,0,0,2,2,3,1279,57,3,1,1,6
199900,0.39,0,6,69400,0,0,2,3,2,1888,57,3,0,2,5
145000,0.27,0,33,63700,0,0,2,2,3,1686,57,4,1,1.5,7
465000,0.25,0,22,61000,0,1,2,2,3,2310,57,2,1,3,7
158000,0.32,0,1,48200,0,1,2,2,3,1200,57,3,0,1.5,4
375000,0.27,0,50,78800,0,1,2,2,3,1944,57,3,1,2.5,7
147783,0.36,0,51,50600,0,0,3,4,2,1184,57,3,0,1,5
339000,0.36,0,3,83600,0,1,2,2,3,2000,57,3,1,2.5,5
267000,0.07,0,14,48200,0,1,2,2,3,1744,57,3,1,2.5,9
290000,0.12,0,3,108300,0,1,2,2,3,1620,57,3,1,2.5,7
271295,0.35,0,1,67000,0,1,2,2,3,2359,57,4,0,2.5,11
278140,0.62,0,1,98000,0,1,2,2,3,2230,57,3,0,2.5,10
138000,0.07,0,94,46800,0,0,2,2,3,1147,57,2,0,1.5,3
367500,0.27,0,2,78200,0,1,2,2,3,2205,57,3,1,2.5,10
428500,0.42,0,4,87200,0,1,2,2,3,3243,57,4,0,2.5,11
140000,0.48,0,34,57800,0,0,2,2,3,1431,57,3,0,1.5,5
140000,0.36,0,35,56600,0,0,2,2,3,936,57,3,0,1,7
145000,0.3,0,33,53000,0,1,2,2,3,1368,57,3,0,1.5,7
280000,0.07,0,16,48200,0,1,3,2,3,1800,57,3,1,2.5,8
190400,0.17,0,16,49500,0,0,2,2,3,1920,57,3,1,1.5,9
267000,0.11,0,83,87000,0,0,2,3,3,1416,57,3,0,2,7
164900,0.14,0,77,93000,0,0,2,2,3,616,57,2,0,1,5
280000,0.1,0,79,85000,0,0,2,2,3,1488,57,4,0,1.5,5
225000,0.11,0,84,87000,0,0,4,2,3,1320,57,3,1,1.5,6
148000,0.06,0,18,45800,0,1,2,2,3,1250,57,2,0,1.5,5
165000,0.32,0,32,54200,0,1,2,2,3,1286,57,3,1,1,6
340455,0.38,0,0,84800,0,1,2,2,3,2886,57,4,1,2.5,10
133000,0.42,0,36,60200,0,0,2,2,3,1279,57,3,1,1,4
115540,0.2,0,104,56700,0,0,2,2,3,1074,57,3,0,1,7
240000,0.58,0,52,78300,0,0,2,3,2,1304,57,3,1,1,4
600000,0.04,0,17,36000,0,1,2,2,3,3191,57,3,2,3.5,12
71500,0.3,0,44,64700,0,0,2,3,3,1056,57,3,0,1,5
189900,0.03,0,18,19200,0,1,2,2,3,1468,57,3,1,2.5,4
325000,0.08,0,115,81000,0,0,2,3,3,1598,57,3,0,1.5,6
280000,0.14,0,84,93000,0,0,2,3,3,1160,57,3,0,1.5,4
255000,0.12,0,104,89000,0,0,2,2,3,1028,57,2,0,1,5
300000,0.2,0,104,105000,0,0,2,3,3,2014,57,6,0,1,11
106000,0.48,0,34,63800,0,0,2,2,3,1296,57,3,0,1,7
139000,0.27,0,56,62500,0,0,2,2,3,932,57,2,0,1,3
165000,0.06,0,15,45800,0,0,2,2,3,1290,57,3,1,1.5,5
169000,0.17,0,19,37600,0,0,2,2,3,1448,57,2,0,1.5,5
159400,0.24,0,29,49100,0,0,2,2,3,1368,57,3,0,1,5
300000,0.87,0,25,90800,0,0,2,3,2,3046,57,4,1,1.5,11
161000,0.23,0,32,48200,0,0,2,2,3,1272,57,3,0,1.5,8
230500,0.59,0,18,69500,0,1,2,2,3,1822,57,4,0,2.5,6
220000,0.41,0,31,105700,0,1,2,2,3,1579,57,4,0,1.5,6
177900,0.29,0,32,52400,0,0,2,2,3,1660,57,4,1,1.5,7
350000,0.32,0,36,144900,0,0,4,3,3,2452,57,3,1,2.5,10
335000,0.14,0,94,50200,0,1,2,2,3,2004,57,3,0,2,9
597185,1.07,0,0,193200,0,1,2,2,2,4210,57,4,1,3.5,12
173000,0.33,0,32,54800,0,1,2,2,3,1640,57,4,0,1.5,9
518000,0.17,0,144,99000,0,0,2,3,3,2847,57,3,1,1.5,7
212000,0.5,0,18,65000,0,1,2,2,3,1816,57,3,1,2,7
149900,0.87,0,19,93300,0,0,4,2,3,2028,57,4,0,2,10
140958,0.22,0,40,54500,0,0,2,3,3,775,57,2,0,1,7
95000,0.33,0,34,54800,0,0,2,2,3,1368,57,2,0,1,6
161600,0.24,0,34,49100,0,0,2,2,3,936,57,3,0,1.5,8
351400,0.15,0,1,114000,0,1,2,2,3,1680,57,2,1,2.5,4
155000,0.3,0,33,53000,0,0,2,2,3,1368,57,3,0,1,6
198500,0.4,0,34,53000,0,1,2,2,3,1326,57,3,1,1.5,7
276000,0.21,0,62,107000,0,1,4,2,3,1579,57,3,1,2,4
167000,0.25,0,32,50000,0,0,2,2,3,1286,57,3,0,1,8
227000,0.84,0,25,207700,0,1,2,2,3,2132,57,3,2,2.5,7
405100,0.39,0,3,85400,0,1,2,2,3,2000,57,3,1,2.5,6
395000,0.14,0,3,112100,0,1,2,2,3,2222,57,3,0,2.5,6
360000,0.41,0,99,139000,0,0,2,3,3,2641,57,4,0,2,9
775000,0,1,5,412600,0,1,2,2,2,2472,57,3,1,2.5,9
285000,0.07,0,16,48200,0,1,3,2,3,1926,57,2,2,3,6
300000,0.12,0,4,108300,0,1,2,2,3,1534,57,3,0,2.5,8
214000,0.25,0,39,44000,0,0,2,2,2,1490,57,3,0,1.5,4
229000,0.22,0,46,72000,0,0,2,3,3,1126,57,3,1,2,8
330000,0.23,0,33,61200,0,1,2,2,3,1435,57,3,0,1.5,8
146000,0.42,0,44,60200,0,0,2,2,3,1136,57,3,0,1.5,8
381500,0.15,0,2,114000,0,1,2,2,3,2162,57,3,1,2.5,9
430000,0.34,0,5,82400,0,1,2,2,3,2328,57,3,1,2.5,7
650000,0.43,0,2,87800,0,1,2,2,3,2754,57,3,1,2.5,10
194500,0.17,0,40,37600,0,0,2,2,2,1504,57,4,0,1.5,6
279000,0.39,0,14,58400,0,1,2,2,3,2473,57,4,1,3.5,7
183000,0.31,0,35,47600,0,0,2,2,3,2072,57,4,1,2.5,8
195000,0.03,0,18,19200,0,1,2,2,3,1480,57,3,1,2.5,7
470000,0.17,0,135,99000,0,0,2,2,3,2096,57,3,2,2.5,8
167000,0.11,0,80,50400,0,0,2,3,3,1050,57,2,0,1,6
309278,0.02,0,17,18000,0,1,2,2,3,1650,57,2,1,2.5,5
217500,0.34,0,26,92300,0,1,2,2,3,1596,57,3,0,1.5,6
200000,0.17,0,44,99000,0,0,2,3,3,979,57,3,0,2,8
199995,0.16,0,18,53800,0,1,2,2,3,1393,57,2,0,1.5,6
179000,0.46,0,44,70200,0,0,2,2,3,864,57,2,0,1,7
329000,1,0,1,106800,0,1,2,2,2,2744,57,4,0,2.5,10
374900,0.06,0,15,46600,0,1,2,2,3,2300,57,3,1,3,10
165000,0.29,0,34,52400,0,0,2,2,3,1612,57,3,1,1,5
647000,1.08,0,14,193300,0,1,2,2,2,2640,57,4,1,2.5,12
315000,0.63,0,19,65500,0,0,4,2,3,775,57,1,0,1,6
208000,0.34,0,26,49400,0,1,2,2,3,2470,57,4,1,2.5,10
405000,0.58,0,6,80000,0,0,2,2,2,3124,57,4,1,3,9
535000,1,0,14,192500,0,1,2,2,2,3254,57,4,1,2.5,12
184020,0.4,0,34,59000,0,0,2,2,3,1544,57,3,0,2.5,7
95000,0.17,0,139,1900,0,0,2,3,3,1410,38,6,0,1.5,9
87550,0.46,0,44,2100,0,0,2,2,2,906,38,2,0,1,3
131000,0.23,0,66,3600,0,0,2,2,3,1512,38,3,1,1,8
127000,0.2,0,77,3400,0,0,2,2,3,1232,38,3,1,1,8
104695,0.21,0,54,3500,0,0,2,2,3,921,38,2,0,1,7
120000,0.18,0,70,3100,0,0,2,2,3,1287,38,3,0,1,4
278500,0.16,0,17,5200,0,0,3,4,2,2600,38,4,0,3,12
75500,0.13,0,124,1500,0,0,2,2,3,1302,38,3,0,2,8
121900,0.47,0,20,4700,0,0,2,3,2,1144,38,3,0,1,6
208000,0.45,0,39,5500,0,0,2,3,2,1703,38,3,0,2,6
151000,0.59,0,15,4500,0,0,3,4,2,1553,38,3,1,2,4
138000,0.38,0,15,1700,0,0,3,4,2,1040,38,2,0,1,3
229000,0.55,0,11,7500,0,0,2,3,2,2124,38,4,0,3,10
130000,0.52,0,13,4500,0,0,2,2,2,1344,38,3,0,2,5
89900,0.46,0,66,3900,0,0,2,2,2,884,38,2,0,1,3
145000,0.76,0,11,3800,0,0,4,2,2,1812,38,3,0,1.5,7
86000,0.46,0,43,5500,0,0,2,2,2,880,38,3,0,1,4
95000,0.17,0,134,2300,0,0,2,2,3,1256,38,3,0,2,5
195000,0.34,0,15,5000,0,1,2,2,2,1826,38,3,1,2.5,6
107325,0.1,0,126,1100,0,0,2,2,3,1134,38,3,0,1.5,7
131000,0.54,0,41,5300,0,0,2,2,2,1916,38,4,1,2.5,8
166900,0.75,0,3,1700,0,0,2,2,2,1272,38,3,0,1.5,7
127000,0.43,0,39,4900,0,1,2,2,2,960,38,3,0,1,6
119000,0.15,0,65,2500,0,0,2,2,3,1152,38,2,0,1.5,4
92509,0.52,0,13,4500,0,0,2,2,2,840,38,2,0,1,4
174000,0.46,0,34,5500,0,0,2,2,2,2106,38,5,0,2,11
180000,0.52,0,10,2500,0,0,2,2,2,1632,38,3,0,2,8
155000,0.41,0,9,300,0,0,2,2,2,1092,38,3,0,2,8
146500,0.44,0,25,13200,0,1,2,2,2,1634,57,3,1,1.5,8
162500,0.46,0,26,13800,0,1,2,2,2,1890,57,3,1,2.5,7
210000,0.48,0,32,18400,0,0,2,2,2,2224,57,5,2,2.5,11
165000,0.65,0,22,16500,0,0,3,4,2,1475,57,3,1,2,6
123000,0.08,0,16,2100,0,0,2,2,3,1480,54,3,1,1.5,5
150000,0.58,0,36,13300,0,0,2,2,2,1368,54,3,1,1,4
128900,0.14,0,7,7200,0,0,2,2,3,1200,36,3,0,1,8
88100,0.14,0,0,7400,0,1,2,2,3,840,36,2,0,1,7
175000,0.68,0,54,25900,0,0,4,2,3,1176,47,3,0,2,8
120975,0.13,0,0,7400,1,0,2,2,3,1380,36,3,0,2,4
147543,0.29,0,0,11300,1,0,2,2,2,1786,36,3,0,2.5,7
118000,0.22,0,17,3400,0,0,2,2,3,1480,54,3,0,1.5,4
199000,0.5,0,13,15300,0,0,2,3,3,1574,54,3,1,1.5,7
79900,0.18,0,154,7500,0,0,4,2,2,950,54,2,0,1.5,5
279000,0.55,0,14,25300,0,1,2,2,3,3178,57,4,1,3.5,12
90000,0.28,0,16,10600,0,0,2,2,2,1342,57,3,0,1.5,7
91900,0.35,0,20,12000,0,1,3,4,2,1336,57,2,1,1.5,5
153000,0.25,0,10,8400,0,0,2,2,3,1542,54,3,0,2.5,6
170000,2.68,0,11,21400,0,0,4,3,2,2272,54,4,1,3.5,8
145200,0.2,0,15,3400,0,0,2,2,3,1480,54,2,1,2.5,4
296000,0.02,0,8,14000,0,0,2,2,3,2506,57,4,2,2.5,10
150000,0.37,0,1,15800,0,0,4,2,2,1852,30,4,0,2,6
86000,0.45,0,19,14000,0,0,2,2,2,1055,57,2,1,1,7
118000,0.36,0,21,40000,0,0,2,2,2,1392,57,3,0,1.5,7
155000,0.75,0,53,6500,0,0,4,2,2,1608,57,3,1,2,5
222500,0.69,0,15,16900,0,0,2,2,3,1564,57,3,1,2,6
250000,0.46,0,17,18400,0,1,2,2,2,2068,57,4,1,2.5,10
365000,0.69,0,13,21900,0,1,4,2,2,2516,57,4,0,2.5,11
120000,0.89,0,14,19300,0,0,3,4,2,1684,38,4,0,1.5,5
193000,0.47,0,18,14100,0,0,2,3,2,1481,57,3,0,1.5,5
85568,0.15,0,67,2600,0,0,4,3,3,999,20,3,0,1,6
82000,0.46,0,17,4420,0,0,4,3,3,896,20,2,0,1,3
225000,0.77,0,50,3000,0,0,4,3,2,792,20,2,1,1,7
240000,0.85,0,34,50400,0,0,4,3,2,2747,27,4,2,3.5,12
234900,0.01,0,1,43300,1,1,2,2,3,2277,63,4,0,2.5,8
112000,0.02,0,19,14900,0,1,2,2,3,1281,63,2,1,2.5,6
261000,0.57,0,14,43200,0,1,2,2,3,2462,63,4,1,2.5,10
400000,0.6,0,9,57000,0,1,2,2,3,2897,63,4,2,2.5,12
310000,0.41,0,4,37600,0,1,3,2,3,2672,63,4,1,3.5,8
182000,0.29,0,21,26300,0,0,2,2,3,1932,63,3,0,1.5,8
187500,0.47,0,11,25500,0,0,2,2,3,1320,63,3,0,2.5,7
405000,0.61,0,6,23900,0,1,2,2,3,3296,63,4,1,2.5,12
420000,1.14,0,6,82100,0,1,2,2,3,3279,63,4,1,3,11
359000,0.48,0,4,37100,0,1,2,2,3,3204,63,4,1,2.5,9
120000,0.01,0,16,9900,0,1,3,4,3,1217,63,2,0,2.5,6
171500,0.31,0,37,21500,0,0,2,3,3,1782,63,3,1,1.5,6
159900,0.21,0,16,28800,0,1,2,2,3,1180,63,2,1,1.5,6
186500,0.21,0,16,28000,0,1,3,2,3,1452,63,3,1,2,8
260000,0.46,0,13,36600,0,1,2,2,3,2140,63,4,1,2.5,8
115000,0.01,0,16,9900,0,1,3,4,3,1219,63,2,0,1.5,6
191000,0.44,0,39,24100,0,0,2,3,3,1518,63,4,1,1.5,5
355465,0.35,0,0,233000,1,1,2,2,3,3328,63,4,1,2.5,12
339900,0.57,0,10,54600,0,1,2,2,3,2344,63,3,0,2.5,10
90000,0.49,0,74,10600,0,0,2,2,2,960,23,2,0,1,7
245000,0.04,0,6,28800,0,0,2,2,3,1544,63,3,0,2.5,8
320900,0.46,0,7,36400,0,1,2,2,3,2873,63,4,1,2.5,8
159000,0.22,0,18,29600,0,1,2,2,3,1180,63,2,1,1.5,6
174900,0.62,0,38,15100,0,0,2,2,2,1368,63,3,0,1.5,6
293500,0.49,0,10,38400,0,1,2,2,3,1904,63,4,1,2.5,8
210000,0.51,0,11,26900,0,0,2,2,3,1320,63,3,0,2,8
182500,1,0,34,25200,0,0,2,2,2,1594,63,3,1,1.5,5
219900,0.46,0,8,38100,0,1,2,2,3,1847,63,3,1,2.5,7
370000,0.46,0,1,36600,1,1,2,2,3,3125,63,4,1,2.5,12
286000,0.47,0,7,20000,0,0,2,2,3,2004,63,4,1,2.5,10
169900,0.49,0,36,27800,0,1,2,2,3,1623,63,3,1,1.5,8
161000,0.23,0,40,22000,0,0,4,3,3,1120,41,3,0,1,7
287000,0.36,0,2,53900,0,1,2,2,3,2363,63,5,1,2.5,11
315000,0.94,0,9,48200,0,0,2,2,3,2572,63,4,1,2.5,11
177000,0.34,0,25,9200,0,0,3,4,2,1548,63,3,0,1.5,5
332000,1,0,11,26700,0,1,2,2,3,2734,63,3,0,2.5,11
249000,0.53,0,8,38800,0,1,2,2,3,1462,63,3,1,2,5
179000,0.09,0,15,25500,0,0,2,2,3,1558,63,2,0,2.5,7
150000,0.52,0,34,14000,0,0,4,3,2,1664,63,3,0,1.5,8
225000,0.37,0,16,24500,0,0,2,2,3,1877,63,4,1,3,10
182000,0.33,0,37,21400,0,0,2,2,3,1838,63,3,1,1,7
329900,0.5,0,9,37800,0,1,2,2,3,2368,63,4,1,2.5,11
165000,0.33,0,32,22500,0,0,2,3,3,2104,63,5,1,1.5,11
180000,0.31,0,16,36800,0,0,2,2,3,1180,63,2,0,1.5,7
321000,0.53,0,11,38800,0,1,2,2,3,2399,63,4,1,2.5,11
180000,0.11,0,15,15400,0,0,2,2,3,1232,63,2,1,1.5,4
178000,0.14,0,17,19600,0,1,2,2,3,1180,63,2,0,1.5,6
279900,0.55,0,2,39500,0,0,2,2,3,2022,63,4,1,2.5,9
179000,0.14,0,19,21000,0,1,2,2,3,1364,63,2,1,1.5,5
183000,0.15,0,17,21000,0,1,2,2,3,1343,63,2,1,2.5,6
500000,1,0,70,35900,0,0,4,2,2,1492,63,3,0,1,7
170000,0.37,0,37,24500,0,0,2,3,3,999,63,3,1,1,6
179000,0.34,0,24,27000,0,0,2,2,3,2102,54,3,1,2.5,9
184900,0.32,0,18,27000,0,0,2,2,3,1656,54,3,1,1.5,4
177500,0.33,0,18,27000,0,0,3,2,3,1561,54,3,0,1.5,7
112500,0.15,0,19,15700,0,0,3,4,3,988,54,2,0,2,7
180000,0.32,0,17,27000,0,0,2,3,3,1765,54,5,1,2,9
10300,0.16,0,20,15700,0,0,3,4,3,912,54,2,1,1.5,4
137900,0.16,0,17,15100,0,0,3,4,3,1592,54,3,0,1.5,7
144000,0.06,0,54,3600,0,0,3,4,3,1344,54,5,0,1,8
131600,0.16,0,17,15100,0,0,3,4,3,1385,54,2,1,1.5,7
123500,0.15,0,17,15100,0,0,3,4,3,1385,54,2,0,1.5,5
123000,0.15,0,17,15100,0,0,3,4,3,1679,54,2,0,1.5,7
109000,0.15,0,20,15700,0,0,3,4,3,908,54,2,0,1,7
173000,0.31,0,16,27000,0,1,2,2,3,1527,54,2,1,2,5
105000,0.16,0,20,15700,0,0,3,4,3,912,54,2,0,1.5,3
122500,0.15,0,18,15100,0,0,3,4,3,1184,54,2,0,1.5,3
191000,0.46,0,26,24500,0,0,3,4,3,1719,63,3,1,1.5,7
149000,0.16,0,19,15100,0,0,3,4,2,1080,54,2,1,1,6
205000,0.33,0,16,27000,0,0,3,4,3,2118,54,4,1,2,9
225000,0.33,0,16,27000,0,0,3,4,3,2527,54,3,0,1.5,10
210000,0.49,0,15,25000,0,0,2,2,2,1592,54,3,1,1.5,8
188900,0.32,0,18,27000,0,0,3,4,3,1294,54,3,0,1,4
192000,0.94,0,33,25200,0,0,2,3,2,1974,63,4,1,2.5,8
137500,0.16,0,17,15700,0,0,3,4,3,988,54,2,1,2,7
200000,0.36,0,20,27000,0,0,2,2,3,1508,54,3,1,2,8
126000,0.16,0,17,15600,0,0,3,4,3,908,54,2,0,1,4
214500,0.35,0,20,27000,0,0,3,4,3,1910,54,4,1,2,7
152000,0.15,0,18,15700,0,0,3,4,3,912,54,2,0,1.5,5
115000,0.16,0,20,15700,0,0,3,4,3,912,54,2,0,1.5,5
88000,0.16,0,19,15700,0,0,3,4,3,988,54,2,0,2,4
170000,0.35,0,20,27000,0,0,3,4,3,1748,54,2,0,2,4
137000,0.16,0,18,15700,0,0,3,4,3,912,54,2,1,1.5,3
145000,0.15,0,17,15100,0,0,3,4,3,1385,54,3,0,1.5,8
202000,0.43,0,15,25000,0,0,2,2,2,1300,54,3,0,1.5,7
130000,0.15,0,17,15600,0,0,3,4,3,908,54,2,0,1,7
265000,1,0,25,21700,0,0,3,4,2,1900,54,3,0,2,7
185000,0.33,0,16,27000,0,0,3,4,3,2191,54,3,1,2.5,7
130000,0.16,0,25,15100,0,1,2,2,3,1080,54,2,1,1,4
190000,0.59,0,15,25000,0,1,2,2,2,1300,54,3,1,1.5,5
204000,0.4,0,1,15000,0,0,2,2,3,2458,63,4,1,2.5,10
125000,0.35,0,22,10500,0,0,3,4,3,1040,63,3,0,1,4
349900,0.44,0,0,13000,1,0,2,2,3,2886,63,4,1,3,12
142000,0.14,0,8,3700,0,0,2,2,3,1840,23,3,0,1,6
132500,0.37,0,19,13000,0,0,3,4,3,1988,63,2,0,1,4
220000,1,0,43,22900,0,0,4,2,2,672,57,2,0,1,3
160000,1.96,0,13,18400,0,0,4,2,2,1512,57,2,0,2,4
10300,0.16,0,20,15700,0,0,3,4,3,912,54,2,1,1.5,6
95000,0.15,0,19,15700,0,0,3,4,3,912,54,2,0,1.5,6
122055,0.15,0,17,15000,0,0,3,4,3,1385,54,2,0,1.5,5
149000,0.31,0,18,27000,0,0,2,2,3,1508,54,3,1,1.5,8
115000,0.15,0,17,15100,0,0,3,4,3,1385,54,2,0,1.5,5
140000,0.15,0,19,15100,0,0,3,4,3,1628,54,3,0,2.5,6
137900,0.16,0,17,15100,0,0,3,4,3,1592,54,3,0,1.5,5
144000,0.06,0,54,3600,0,0,3,4,3,1344,54,5,0,1,7
131600,0.16,0,17,15100,0,0,3,4,3,1385,54,2,1,1.5,7
123500,0.15,0,17,15100,0,0,3,4,3,1385,54,2,0,1.5,4
123000,0.15,0,17,15100,0,0,3,4,3,1679,54,2,0,1.5,4
109000,0.15,0,20,15700,0,0,3,4,3,908,54,2,0,1,3
173000,0.31,0,16,27000,0,1,2,2,3,1527,54,2,1,2,7
105000,0.16,0,20,15700,0,0,3,4,3,912,54,2,0,1.5,3
122500,0.15,0,18,15100,0,0,3,4,3,1184,54,2,0,1.5,3
191000,0.46,0,26,24500,0,0,3,4,3,1719,63,3,1,1.5,5
149000,0.16,0,19,15100,0,0,3,4,2,1080,54,2,1,1,5
205000,0.33,0,16,27000,0,0,3,4,3,2118,54,4,1,2,10
225000,0.33,0,16,27000,0,0,3,4,3,2527,54,3,0,1.5,8
210000,0.49,0,15,25000,0,0,2,2,2,1592,54,3,1,1.5,7
188900,0.32,0,18,27000,0,0,3,4,3,1294,54,3,0,1,4
192000,0.94,0,33,25200,0,0,2,3,2,1974,63,4,1,2.5,9
137500,0.16,0,17,15700,0,0,3,4,3,988,54,2,1,2,3
200000,0.36,0,20,27000,0,0,2,2,3,1508,54,3,1,2,7
126000,0.16,0,17,15600,0,0,3,4,3,908,54,2,0,1,4
214500,0.35,0,20,27000,0,0,3,4,3,1910,54,4,1,2,10
152000,0.15,0,18,15700,0,0,3,4,3,912,54,2,0,1.5,7
115000,0.16,0,20,15700,0,0,3,4,3,912,54,2,0,1.5,7
88000,0.16,0,19,15700,0,0,3,4,3,988,54,2,0,2,5
170000,0.35,0,20,27000,0,0,3,4,3,1748,54,2,0,2,6
137000,0.16,0,18,15700,0,0,3,4,3,912,54,2,1,1.5,6
145000,0.15,0,17,15100,0,0,3,4,3,1385,54,3,0,1.5,7
202000,0.43,0,15,25000,0,0,2,2,2,1300,54,3,0,1.5,4
130000,0.15,0,17,15600,0,0,3,4,3,908,54,2,0,1,5
265000,1,0,25,21700,0,0,3,4,2,1900,54,3,0,2,8
185000,0.33,0,16,27000,0,0,3,4,3,2191,54,3,1,2.5,8
130000,0.16,0,25,15100,0,1,2,2,3,1080,54,2,1,1,5
190000,0.59,0,15,25000,0,1,2,2,2,1300,54,3,1,1.5,5
204000,0.4,0,1,15000,0,0,2,2,3,2458,63,4,1,2.5,11
125000,0.35,0,22,10500,0,0,3,4,3,1040,63,3,0,1,8
349900,0.44,0,0,13000,1,0,2,2,3,2886,63,4,1,3,11
142000,0.14,0,8,3700,0,0,2,2,3,1840,23,3,0,1,7
132500,0.37,0,19,13000,0,0,3,4,3,1988,63,2,0,1,5
220000,1,0,43,22900,0,0,4,2,2,672,57,2,0,1,5
160000,1.96,0,13,18400,0,0,4,2,2,1512,57,2,0,2,6
156900,0.28,0,52,23200,0,0,4,2,2,1635,63,4,0,1.5,5
138000,0.31,0,39,25100,0,0,2,2,3,1672,63,4,0,1.5,5
166000,0.25,0,26,29000,0,1,2,2,3,1892,63,3,2,2,6
195000,0.56,0,18,30800,0,0,2,3,3,1652,63,3,1,2,6
295600,0.6,0,21,91600,0,1,2,2,2,2513,63,4,1,2.5,8
460000,0.47,0,1,14100,0,1,2,2,3,3336,63,4,1,3.5,12
126000,0.05,0,17,16000,0,1,2,2,3,1302,63,2,1,1.5,4
220300,0.58,0,16,38200,0,1,2,2,3,2006,63,3,1,2,5
175000,0.29,0,27,22700,0,1,2,2,3,1836,63,4,1,1.5,8
255000,1,0,49,69600,0,0,4,2,2,1994,60,3,1,2,9
185000,0.5,0,19,29000,0,0,2,3,3,1652,63,3,1,2,6
234000,0.57,0,8,31100,0,0,2,2,3,1888,63,3,1,2.5,7
133500,0.08,0,19,17200,0,1,2,2,3,1480,63,3,1,1.5,5
151000,0.2,0,19,19000,0,0,3,4,3,1234,63,2,1,2,7
157500,0.3,0,31,24500,0,0,2,2,3,1778,63,3,1,1.5,7
285000,0.65,0,23,72000,0,1,2,2,3,2514,63,5,1,2.5,10
217500,0.56,0,35,30800,0,0,2,3,3,2700,63,4,1,2.5,10
300000,0.7,0,21,39200,0,1,2,2,3,2330,63,4,1,3.5,8
161225,0.6,0,33,32000,0,0,2,3,3,2676,63,4,1,2.5,11
217000,2.85,0,25,54700,0,1,3,4,2,2180,60,4,1,2,8
250000,0.47,0,21,48300,0,1,2,2,3,2284,63,4,1,2.5,9
124000,0.06,0,19,16400,0,0,3,4,3,1314,63,2,0,1.5,6
248000,0.41,0,35,44300,0,0,2,2,2,2396,63,4,1,2.5,11
187000,0.57,0,45,33200,0,0,2,3,2,2088,63,4,1,2,8
195000,0.48,0,39,28200,0,0,2,3,3,2310,63,5,1,2.5,11
239900,0.53,0,19,65800,0,1,2,2,3,2040,63,4,1,2.5,10
475000,12.2,0,19,111300,0,1,3,2,2,2599,63,3,1,2.5,11
246000,0.61,0,16,29100,0,0,2,3,3,1702,63,3,1,1.5,6
219900,0.49,0,18,28600,0,0,2,3,3,2125,63,4,1,2.5,8
193500,0.6,0,38,32000,0,0,2,3,3,2310,63,4,1,2.5,10
122000,0.12,0,31,18200,0,1,2,2,3,1431,63,3,0,1.5,8
118000,0.15,0,20,18500,0,0,2,3,3,924,63,2,0,1,7
125000,0.77,0,126,36300,0,0,2,2,2,1799,60,3,1,1,6
101000,0.26,0,23,18200,0,0,3,4,3,976,63,3,0,2,5
249000,0.66,0,19,53000,0,1,2,2,3,2217,63,4,1,2.5,8
180000,0.57,0,102,25800,0,0,4,3,2,1969,77,4,2,1,6
292500,0.47,0,19,75200,0,1,2,2,3,2376,63,3,1,2.5,8
199500,0.48,0,18,36700,0,0,2,3,3,1585,63,3,1,1.5,5
205100,0.46,0,32,32700,0,0,2,2,3,1453,63,4,1,2,7
330000,0.57,0,12,67300,0,1,4,2,3,2973,63,4,1,3,11
179000,0.43,0,37,31400,0,0,2,2,3,1612,63,3,1,1.5,7
342000,0.58,0,4,17400,0,1,2,2,3,2734,63,3,1,2.5,9
145000,0.15,0,22,18500,0,1,3,4,3,1479,63,3,1,1.5,5
66000,0.14,0,19,18400,0,1,3,4,3,945,63,2,0,1,3
269900,0.4,0,25,25000,0,0,2,3,3,1938,63,4,1,2.5,8
154000,0.1,0,174,32800,0,0,4,2,2,1364,63,5,1,1,9
454900,0.5,0,2,15000,0,1,2,2,3,3242,63,4,1,2.5,11
249900,0.42,0,23,57500,0,1,2,2,3,1571,63,3,2,2,7
165000,0.09,0,21,17600,0,1,3,4,3,1314,63,2,1,1.5,6
329000,0.46,0,3,16100,0,1,2,2,3,2413,63,4,1,1.5,11
49387,0.48,0,56,31800,0,0,4,2,2,900,77,2,1,1,5
445000,0.58,0,0,17400,0,1,2,2,3,3157,63,4,1,3.5,10
73000,0.28,0,102,22400,0,0,4,3,2,908,60,2,1,1,7
125000,0.13,0,20,18300,0,0,3,4,3,924,63,2,0,1,6
146500,0.12,0,18,18200,0,1,3,4,3,1138,63,2,1,1,6
209000,0.45,0,38,27000,0,0,2,3,3,2310,63,5,1,2.5,12
196500,0.46,0,30,30400,0,0,2,2,3,1874,63,4,1,2,9
157000,0.29,0,20,20300,0,0,3,4,3,1228,63,4,0,1.5,6
125500,0.06,0,19,16400,0,1,2,2,3,1479,63,3,1,1.5,5
190000,0.44,0,38,31800,0,0,2,2,3,1612,63,3,0,1.5,6
250000,0.49,0,22,48800,0,1,3,4,3,2088,63,4,1,2.5,6
255000,0.4,0,4,30000,0,0,2,2,3,2131,63,4,1,2.5,10
129700,0.15,0,20,18500,0,0,2,2,3,924,63,2,1,1,5
65000,0.34,0,74,24800,0,0,3,4,2,1692,60,4,0,1.5,8
107000,0.28,0,82,12600,0,0,2,2,2,1568,63,3,0,1,7
255000,0.57,0,35,33200,0,1,2,2,3,2262,77,4,1,2.5,9
398000,0.61,0,8,71200,0,1,2,2,3,2960,63,4,1,2.5,10
176000,0.45,0,31,27000,0,0,2,3,3,1683,63,4,1,2.5,8
249900,0.86,0,36,35800,0,1,2,3,3,2680,63,5,1,3.5,12
244900,0.38,0,26,40100,0,0,4,2,2,2742,77,3,1,3,8
220000,0.5,0,30,29000,0,0,2,3,3,2012,63,4,1,2.5,10
241000,0.35,0,31,27800,0,0,2,2,3,2702,63,5,1,1.5,9
159900,0.13,0,21,18300,0,1,2,2,3,1314,63,2,1,1.5,6
177555,0.56,0,38,34800,0,0,2,2,3,1672,63,3,1,1.5,8
95000,0.2,0,55,7700,0,0,4,2,2,1200,63,2,0,1,4
5000,0.29,0,4,35800,0,1,2,2,3,1700,63,3,1,2.5,6
264900,0.5,0,40,29000,0,0,2,3,3,2652,63,5,1,3.5,12
315000,0.77,0,16,74400,0,1,2,3,3,3062,63,4,1,2.5,9
155000,0.09,0,25,17600,0,1,2,2,3,1290,63,2,1,1.5,5
130000,0.22,0,23,15400,0,0,3,4,3,1012,63,3,0,2,5
238000,0.71,0,35,35100,0,0,2,3,3,2310,63,4,1,2.5,7
224000,0.33,0,31,26500,0,0,2,2,3,2026,63,3,1,2.5,7
211000,1,0,18,31800,0,1,2,2,1,1404,63,3,0,1,6
279000,0.23,0,13,34100,0,1,2,2,2,1782,60,3,0,1,8
242000,0.11,0,15,42000,0,1,2,2,3,2002,63,3,1,2.5,8
199875,0.61,0,36,35100,0,1,2,2,3,1782,63,4,1,1.5,7
259900,0.46,0,11,27400,0,1,4,2,3,2212,63,4,1,2.5,10
200000,1.28,0,84,34600,0,1,4,4,2,1872,63,4,0,1,7
212000,0.71,0,36,35100,0,0,2,3,3,1804,63,4,1,2.5,7
230000,0.47,0,41,27800,0,0,2,3,3,1910,63,3,1,2.5,5
189000,0.42,0,28,30900,0,1,2,2,3,1632,63,3,1,1.5,7
313635,1.93,0,16,131500,0,1,2,2,2,3824,63,3,2,4,12
185000,0.48,0,32,33600,0,0,2,2,3,1196,63,3,0,1.5,5
239900,0.42,0,30,23200,0,1,2,3,3,2259,63,4,1,2.5,11
202000,0.48,0,39,25400,0,1,2,3,3,1690,63,3,1,2,6
155000,0.12,0,19,18200,0,1,2,3,3,1227,63,2,1,2,6
120000,1.48,0,57,36000,0,0,2,2,2,1278,63,3,1,1,7
78000,0.33,0,77,33500,0,0,4,2,2,668,60,1,0,1,2
311000,0.46,0,17,60500,0,1,2,3,3,2762,63,4,1,2.5,8
198000,0.32,0,38,42500,0,0,2,2,2,1558,63,3,1,1,4
158500,0.92,0,11,36100,0,0,3,4,2,1352,63,3,0,2,5
227000,0.46,0,37,27400,0,0,2,3,3,1920,63,5,1,2.5,9
265900,0.34,0,6,36000,0,0,2,2,3,1940,63,3,1,2.5,7
163000,0.23,0,30,19300,0,0,2,2,3,1249,63,3,0,1.5,8
165000,0.28,0,27,19600,0,0,2,3,3,1576,63,3,0,2.5,4
151000,0.07,0,30,16800,0,1,2,2,3,1419,63,3,0,1.5,4
200000,0.29,0,4,35800,0,1,2,2,3,1700,63,3,1,2.5,7
299900,0.77,0,15,38700,0,1,2,2,3,2748,63,4,1,3.5,8
210000,0.33,0,18,35500,0,1,2,2,3,1792,63,3,1,2.5,7
220000,0.66,0,36,35300,0,0,3,4,2,1724,63,3,0,1.5,8
326900,1,0,15,83600,0,1,2,2,3,2692,63,3,1,3.5,8
204900,0.39,0,29,24600,0,0,4,3,3,1734,63,4,1,2.5,7
234000,0.31,0,32,25100,0,0,2,2,3,2014,63,3,1,1.5,7
236000,0.42,0,36,30900,0,0,2,2,3,2056,63,4,1,1.5,9
124000,0.46,0,36,32700,0,0,2,2,3,1745,63,4,0,1.5,6
199100,0.14,0,13,18400,0,1,2,2,3,1352,63,2,1,1.5,5
245000,0.5,0,30,29000,0,0,2,3,3,2259,63,4,1,2.5,9
264000,0.35,0,33,35300,0,0,2,2,2,2572,60,3,1,2.5,11
105000,0.15,0,18,18500,0,0,3,4,3,924,63,2,1,1,7
187000,0.32,0,21,35000,0,1,2,2,3,2000,63,3,0,1.5,7
127000,0.17,0,21,11900,0,1,2,2,3,929,63,2,0,1.5,6
100000,0.48,0,42,15800,0,0,4,2,2,1540,77,4,0,1,7
251000,0.77,0,44,47000,0,1,4,2,2,1730,63,3,1,2,9
105000,0.95,0,50,36800,0,0,4,3,2,1500,63,3,1,1,5
431250,0.53,0,10,65800,0,1,2,2,3,2522,63,4,1,2.5,12
149900,0.06,0,19,16400,0,1,3,4,3,1479,63,3,1,1.5,4
180000,0.46,0,36,32700,0,1,2,2,3,1922,63,4,1,1.5,9
123500,0.18,0,20,12600,0,0,2,2,3,1215,63,2,1,1.5,5
253000,0.47,0,33,33200,0,1,2,2,3,2772,63,5,2,3,12
330000,0.47,0,6,16500,0,0,2,2,3,2574,63,4,0,2.5,12
124500,0.19,0,21,18900,0,0,3,4,3,945,63,2,0,1,3
424200,1.82,0,19,130700,0,1,2,2,3,2914,63,4,1,3.5,10
120000,0.21,0,19,14700,0,1,3,4,3,1480,63,3,0,1.5,7
205000,0.42,0,32,29400,0,0,2,2,3,1914,63,3,1,1.5,5
175000,0.36,0,27,37000,0,1,2,2,3,1354,63,3,1,2,5
295000,0.49,0,4,36900,0,1,2,2,3,2302,63,4,1,2.5,7
156500,0.21,0,19,19100,0,1,3,4,3,1234,63,2,1,2,6
143000,0.09,0,18,17600,0,1,3,4,3,1480,63,3,0,1.5,6
215000,0.29,0,27,33000,0,1,2,2,3,1665,63,4,1,2,5
287000,0.4,0,6,12000,0,0,2,2,3,2182,63,3,1,2.5,10
122500,0.23,0,18,19300,0,0,3,4,3,924,63,2,1,1,7
180000,1,0,19,49300,0,0,3,4,3,1220,63,3,0,2,5
143000,0.09,0,18,17600,0,1,3,4,3,1480,63,3,0,1.5,8
137000,0.08,0,21,17200,0,0,3,4,3,1375,63,2,1,1.5,3
271000,0.47,0,22,61300,0,1,2,2,3,2003,63,3,1,2.5,7
129900,0.07,0,15,1800,0,1,2,2,3,1480,54,2,1,2.5,5
133000,0.06,0,15,1600,0,1,2,2,3,1480,54,3,0,1.5,6
179000,0.25,0,11,8300,0,1,2,2,3,1456,54,3,0,1,8
302000,0.72,0,5,27200,0,0,2,2,2,1888,57,3,1,2.5,9
168000,0.92,0,28,8700,0,0,4,2,2,1112,54,3,0,1,8
120000,0.19,0,16,3400,0,0,2,2,3,1480,54,2,1,1.5,6
119000,0.07,0,15,1800,0,1,3,2,3,1480,54,2,1,2.5,3
168000,0.35,0,27,7900,0,1,2,3,2,1836,54,3,0,2,5
124900,0.98,0,96,16100,0,0,4,3,3,1522,54,4,0,2,7
415000,2.92,0,1,20000,0,1,2,2,2,2709,36,3,1,2.5,10
150000,0.99,0,10,9900,0,1,4,2,2,1020,57,3,0,2,5
310000,4,0,20,14000,0,0,2,3,2,2208,36,4,1,2,10
157000,0.46,0,18,7800,0,0,3,4,2,1368,57,3,0,1,7
205000,0.8,0,28,18000,0,0,2,2,2,2488,57,4,1,2.5,7
275000,0.46,0,7,18400,0,0,2,2,3,1865,57,3,0,2.5,8
320000,0.46,0,10,18400,0,1,2,2,2,3174,57,4,0,4,12
380000,0.74,0,17,23000,0,1,2,2,2,2944,57,5,1,2.5,12
119900,0.46,0,23,7800,0,0,2,2,2,960,57,3,0,1,4
345000,0.82,0,15,15000,0,0,2,2,2,3142,57,4,1,2.5,11
145000,0.46,0,32,11500,0,0,4,2,2,1666,57,4,1,2,9
123000,0.07,0,77,14100,0,0,4,2,2,708,57,2,1,1,7
202500,0.79,0,17,17900,0,1,4,2,2,1598,57,3,1,2,8
182000,1,0,13,4000,0,1,2,2,2,1564,27,3,1,2,4
175000,0.63,0,14,5500,0,0,2,2,2,1224,36,3,0,1.5,7
132500,0.21,0,77,3500,0,0,2,2,3,1379,36,3,0,1,7
239000,0.41,0,41,25400,0,0,2,3,3,2310,64,4,1,2.5,7
86125,0.01,0,14,1200,0,0,2,3,3,960,33,2,0,1.5,6
245000,1.28,0,16,50000,0,0,3,4,2,960,21,3,0,1,8
229900,1.64,0,52,25700,0,0,2,3,2,1820,52,4,2,2.5,7
129000,0.33,0,95,2500,0,0,4,3,2,1632,27,3,0,2,4
200000,0.09,0,90,5900,0,0,2,2,3,1594,40,2,0,2,3
144200,1.19,0,16,17900,0,0,4,3,2,1290,62,3,0,2,5
166000,0.4,0,11,300,0,0,2,2,2,1560,36,3,0,1.5,7
178000,0.9,0,46,7400,0,0,4,2,2,1453,36,4,1,1.5,7
165000,1,0,40,17000,0,0,4,3,2,1664,62,3,1,2,8
218000,0.1,0,18,16200,0,1,3,4,2,2169,62,3,1,2.5,10
175000,0.02,0,9,20000,0,0,2,2,2,1420,62,3,0,1,8
145000,0.18,0,71,3100,0,0,2,2,3,1441,36,3,0,1.5,8
195000,0.76,0,4,18100,0,0,2,2,2,1016,62,3,0,1.5,5
288139,0.46,0,0,15200,1,0,2,2,3,2947,52,4,1,2.5,10
187500,0.59,0,11,16700,0,0,4,2,2,1652,62,3,0,1.5,5
255000,0.91,0,105,13200,0,0,4,2,2,1927,62,3,0,1.5,7
145000,1,0,11,16000,0,0,2,2,2,960,62,3,0,1,5
183000,0.46,0,28,15700,0,0,3,4,2,1804,62,3,1,1.5,7
318310,0.23,0,1,72300,0,0,2,2,2,2616,62,4,1,2.5,8
192500,1.2,0,42,17900,0,0,4,2,2,1116,62,2,0,1.5,6
195000,1,0,52,19200,0,0,4,3,2,2147,62,2,1,1.5,7
138000,0.87,0,36,17400,0,0,4,2,2,876,62,2,2,1.5,3
230000,0.79,0,26,16100,0,0,3,4,2,2102,62,4,1,2.5,10
237500,1,0,15,12100,0,0,4,2,2,1776,62,3,1,1.5,5
375000,4.84,0,3,21500,0,1,2,3,2,1996,62,3,1,3,8
105000,0.16,0,165,7200,0,0,2,2,3,1759,35,3,0,1,5
168000,1,0,10,16200,0,0,2,2,2,1014,62,3,0,1,7
221000,0.29,0,5,7400,0,0,2,3,3,2270,35,4,0,2.5,10
135000,0.31,0,85,3400,0,0,4,2,3,1548,27,3,0,1.5,8
129900,0.39,0,3,15000,0,0,2,2,3,1620,35,3,0,2,4
344100,1.05,0,40,49800,0,1,2,2,2,2608,52,4,2,2.5,8
112000,1,0,15,24500,0,0,3,4,2,1080,35,3,0,2,4
380000,0.3,1,76,38300,0,1,2,2,3,1140,50,3,0,2,5
125000,0.6,0,34,2700,0,0,2,2,2,1152,36,3,0,1,5
145000,5.52,0,20,5900,0,0,3,4,2,1056,36,2,0,1,7
190000,0.48,0,2,13400,0,0,2,4,2,1257,62,3,0,2,8
135000,0.15,0,25,7200,0,0,2,3,3,936,35,2,1,1.5,3
58500,0.04,0,30,1400,0,0,3,4,3,1140,33,3,0,1.5,5
80500,0.01,0,14,1200,0,0,2,3,3,960,33,2,0,1.5,3
150410,0.25,0,6,15000,0,0,2,2,3,1058,35,2,0,1.5,4
170000,1,0,29,23000,0,0,3,4,2,768,35,2,0,1,6
242551,2,0,14,38900,0,0,4,2,2,2048,52,4,1,2.5,10
176500,0.29,0,7,1100,0,0,2,2,3,1198,33,2,1,2,3
212000,1,0,27,5000,0,1,3,4,2,2430,50,4,0,1,9
135000,0.41,0,35,1300,0,0,4,3,2,918,50,3,0,1,7
215000,0.89,0,46,4500,0,1,4,2,2,2722,50,4,1,1.5,11
262000,0.46,0,0,11100,0,0,2,2,3,2364,33,4,1,2.5,8
155000,1,0,15,5000,0,0,4,3,2,1440,50,3,0,1,4
207000,0.27,0,27,4600,0,0,4,2,3,1744,50,3,0,1,7
185000,0.14,0,105,600,0,0,4,3,3,2280,33,4,0,1.5,10
92200,0.42,0,130,1700,0,0,4,3,3,1736,33,3,0,2,5
111000,0.74,0,95,2700,0,0,4,2,2,883,50,1,0,1,2
97000,0.1,0,145,600,0,0,2,3,3,1001,50,2,0,1,5
200000,1.73,0,34,11500,0,0,4,3,2,1296,50,3,0,1,5
230000,0.47,0,14,16400,0,0,3,4,2,2304,40,3,1,2.5,9
299900,0.62,0,13,28500,0,0,2,2,2,2076,52,3,1,2.5,9
183855,0.34,0,51,19000,0,0,4,2,2,1468,52,4,0,1,5
174900,0.34,0,50,19000,0,0,2,3,2,1272,52,3,1,1.5,5
335000,3.28,0,11,39900,0,1,4,2,2,1900,43,3,1,2.5,9
208000,0.47,0,53,23700,0,0,4,3,2,1548,52,3,0,1.5,8
380000,2,0,35,36600,0,0,3,4,2,2212,52,4,1,1.5,8
289900,0.3,0,0,35800,0,0,2,2,3,2376,52,4,1,2.5,10
188000,0.41,0,33,13500,0,1,4,2,2,1712,52,3,1,1.5,7
600000,0.99,0,1,5000,0,1,2,2,3,2660,62,4,1,3.5,8
262000,0.29,0,5,25000,0,1,4,3,2,1487,36,3,0,3,5
220000,2.03,0,30,10200,0,0,3,4,2,1532,36,3,1,1.5,8
275000,0.61,0,21,16100,0,1,2,2,2,2486,62,4,1,2.5,11
215000,0.46,0,25,13800,0,0,2,2,2,1918,62,3,0,2,8
100000,0.51,0,47,14600,0,0,4,3,3,1270,21,3,0,1,7
158500,0.17,0,19,15200,0,0,3,4,3,1406,40,2,0,1.5,7
148900,0.15,0,18,15100,0,0,3,4,3,1385,40,2,0,1.5,6
218000,0.45,0,16,25000,0,0,2,2,2,1300,40,3,0,1.5,4
355840,0.87,0,0,108900,1,0,2,2,3,3259,40,4,1,2.5,10
168000,0.08,0,9,1000,0,1,2,2,2,1536,36,3,0,1.5,7
171000,0.58,0,14,19000,0,0,4,2,1,1636,35,4,1,1.5,9
195000,0.41,0,15,18700,0,0,2,2,2,1944,35,3,1,1.5,7
201880,0.46,0,19,18800,0,0,2,2,2,1676,35,3,1,2,7
145000,0.47,0,12,10700,0,1,2,2,2,1040,36,3,0,1,5
206000,0.01,0,13,1000,0,1,2,2,2,1800,36,3,1,2.5,7
78000,0.14,0,85,7800,0,0,4,2,2,1394,21,3,1,1.5,6
320900,0.47,1,5,20400,0,0,4,3,2,1885,21,2,1,2,7
159000,0.61,0,1,19500,0,0,4,3,2,1056,21,3,0,2,4
180000,0.16,0,38,54900,0,0,2,2,3,1593,62,3,0,1.5,4
129900,0.05,0,125,45000,0,0,4,3,3,1436,62,4,0,1,5
150000,0.38,0,34,57800,0,0,2,2,3,1668,62,4,1,1.5,5
171134,0.25,0,35,50000,0,0,2,2,3,1302,62,3,0,2,4
151000,0.37,0,33,57200,0,1,2,2,3,1239,62,3,1,1,7
100000,0.31,0,85,64400,0,0,4,3,3,840,62,2,0,1,3
655000,0.19,0,55,103000,0,0,2,2,3,780,62,2,0,1.5,6
243500,0.29,0,3,64400,0,1,2,2,3,1728,62,3,0,2.5,7
265000,0.18,0,140,56700,0,0,2,2,3,1666,62,3,0,1,8
400000,0.24,0,4,75400,0,1,2,2,3,2022,62,3,1,2.5,7
272800,0.08,0,46,183300,0,0,2,2,2,2225,62,4,1,2,9
255000,0.17,0,115,53700,0,0,2,2,3,1023,62,2,0,1,6
220000,0.13,0,17,51400,0,1,3,4,3,1290,62,2,0,1.5,4
775000,0.48,0,31,72600,0,1,2,2,3,3968,62,5,4,3.5,12
233000,0.14,0,129,93000,0,0,2,3,3,1699,62,4,0,1,9
216977,0.48,0,27,57800,0,0,2,3,3,2137,62,4,0,1,9
245000,0.03,0,5,27000,0,1,2,2,3,1428,62,2,1,2.5,4
159000,0.24,0,35,49100,0,1,2,2,3,936,62,3,0,1,8
725000,0.21,0,3,70600,0,1,2,2,3,2586,62,4,1,3,10
268300,0.16,0,6,36800,0,0,2,2,3,1373,62,3,1,2,5
159000,0.28,0,33,51800,0,0,2,2,3,1272,62,3,0,1,6
155000,0.3,0,33,53000,0,1,2,2,3,1368,62,3,1,2,8
345000,0.29,0,18,46400,0,1,2,2,3,2120,62,4,1,2.5,11
165200,0.3,0,34,53000,0,0,2,2,3,1279,62,2,0,1,5
185000,0.53,0,35,66500,0,1,2,2,3,1104,62,2,0,1,3
225500,0.28,0,41,64000,0,0,2,3,3,1092,62,3,1,1,4
420000,0.11,0,121,87000,0,0,2,3,3,2247,62,4,0,2,10
220000,0.18,0,53,101000,0,0,2,3,3,1146,62,4,0,1.5,7
620000,0.53,0,23,225800,0,0,2,2,3,3250,62,3,2,2.5,10
260000,0.35,0,18,50000,0,1,2,2,3,1920,62,4,1,2.5,10
359900,0.5,0,0,65000,0,0,2,2,3,1932,62,3,1,2,7
375000,0.14,0,4,112100,0,1,2,2,3,1620,62,3,0,2.5,7
302900,0.22,0,50,72000,0,0,2,3,3,1640,62,3,0,1,4
175000,0.17,0,39,55800,0,0,2,2,3,1040,62,5,0,1.5,6
260000,5.35,0,37,137800,0,1,4,2,2,1676,62,4,0,2,8
270000,0.33,0,16,48800,0,1,2,2,3,1991,62,3,1,2.5,6
485000,0.24,0,17,60200,0,1,2,2,3,1908,62,4,1,3.5,9
200000,0.57,0,85,62500,0,0,4,2,3,966,62,3,0,1,4
367000,0.03,0,19,27000,0,1,2,2,3,1815,62,2,1,2.5,5
175000,0.3,0,32,53000,0,0,2,2,3,1664,62,3,0,1,7
203000,0.04,0,19,25600,0,1,2,2,3,1216,62,2,1,2,4
170000,0.16,0,33,54900,0,1,2,2,3,1564,62,3,0,2,7
375000,0.31,0,32,143200,0,1,2,2,3,2752,62,4,1,2.5,10
159900,0.25,0,35,50000,0,0,2,2,3,936,62,3,0,1,4
230000,0.14,0,95,50800,0,0,2,2,3,1617,62,4,0,1.5,9
375000,0.12,0,69,195000,0,0,2,3,3,1452,62,3,1,2,5
421000,0.31,0,5,80600,0,1,2,2,3,1911,62,3,1,2.5,6
218000,0.28,0,31,80800,0,1,2,2,3,1580,62,3,0,1.5,4
167850,0.27,0,34,51200,0,1,2,2,3,1920,62,3,1,1,5
252500,0.21,0,80,115000,0,0,2,3,3,1155,62,4,0,1.5,7
650000,0.34,0,3,82400,0,1,2,2,3,3770,62,4,1,2.5,12
380000,0.04,0,18,36000,0,1,2,2,3,1675,62,2,1,2.5,6
214500,0.21,0,33,107000,0,0,2,2,3,912,62,3,0,1,4
218500,0.17,0,115,55800,0,0,2,3,3,1510,62,3,0,1,8
174000,0.16,0,35,54900,0,1,2,2,3,864,62,2,0,1,6
225000,0.46,0,35,62600,0,1,2,2,3,1600,62,4,0,2,6
309750,0.07,0,15,48200,0,1,2,2,3,1744,62,3,1,2.5,5
658300,0.69,0,3,101500,0,1,2,2,3,3208,62,4,1,2.5,11
203000,0.06,0,16,45800,0,1,2,2,3,1290,62,2,0,1.5,7
375000,0.03,0,19,27000,0,1,2,2,3,1900,62,2,1,2.5,7
62500,1,0,25,24700,0,0,4,2,2,2808,35,3,0,1,11
205000,0.19,0,18,7300,0,0,2,2,3,1576,35,3,0,1.5,4
84500,0.2,0,135,7300,0,0,2,3,3,1118,35,3,0,1,5
280500,1.09,0,8,23000,0,1,2,2,2,1752,35,3,2,2,6
182000,0.02,0,32,22500,0,0,3,4,2,1753,35,3,0,1.5,5
571000,1,0,14,128500,0,1,2,2,1,2186,62,3,0,2.5,10
168000,0.25,0,35,50000,0,0,2,2,3,1800,62,2,0,1,5
354000,0.46,0,30,56600,0,1,2,2,3,2462,62,5,1,2.5,10
238000,0.2,0,50,70000,0,0,2,3,3,1286,62,5,0,2,10
182000,0.16,0,35,97000,0,1,2,2,3,1337,62,3,0,1,8
218500,0.17,0,5,37600,0,0,2,2,3,1170,62,2,1,2.5,4
227500,0.55,0,53,73400,0,0,2,2,3,1185,62,3,0,1,4
375000,0.5,0,19,59000,0,1,2,2,3,2424,62,4,1,2.5,8
399900,0.09,0,125,83000,0,0,2,3,3,1828,62,3,0,1.5,7
360000,0.34,0,41,80000,0,1,3,4,2,2176,62,4,1,2.5,8
412500,0.39,0,4,85400,0,1,2,2,3,2000,62,3,1,2.5,6
268500,0.18,0,10,38400,0,1,2,2,3,1340,62,3,1,2.5,8
300300,0.13,0,52,63000,0,0,2,2,3,1208,62,3,0,1,6
382500,0.19,0,2,57600,0,1,2,2,3,2244,62,4,1,2.5,10
189000,0.3,0,31,53000,0,0,2,2,3,1592,62,3,1,1.5,7
295000,0.39,0,17,52400,0,1,2,2,3,1831,62,3,1,2.5,7
220000,0.01,0,37,182600,0,0,2,3,2,1093,62,2,1,1.5,5
223000,0.12,0,110,89000,0,0,2,3,3,1460,62,2,0,1,5
399000,0.25,0,152,115000,0,0,2,3,3,2128,62,3,1,1.5,10
169480,0.24,0,30,49100,0,0,2,2,3,1368,62,3,0,1,5
347750,0.15,0,1,36000,0,1,2,2,3,2200,62,3,1,2.5,8
455000,0.25,0,23,61000,0,1,2,2,3,2310,62,2,1,3,8
249900,0.04,0,12,25600,0,1,2,2,3,1776,62,3,1,2.5,7
250000,0.05,0,8,32000,0,1,3,4,3,1852,62,3,0,2.5,9
265000,0.32,0,42,144900,0,1,2,2,3,1092,62,2,0,2,4
670000,0.11,0,121,87000,0,0,2,3,3,2247,62,4,0,2,8
195000,0.11,0,19,49800,0,1,2,2,3,1311,62,3,0,1.5,8
360000,0.13,0,4,110200,0,1,2,2,3,1392,62,3,0,2.5,4
175000,0.4,0,33,59000,0,1,2,2,3,1116,62,4,0,1.5,8
166500,0.1,0,115,49500,0,0,2,2,3,812,62,2,0,1,4
190100,0.48,0,27,31700,0,0,2,2,2,1872,52,4,1,2.5,8
180500,0.75,0,8,20500,0,1,3,2,3,1248,40,3,0,2,5
440000,0.19,1,3,97300,0,0,2,3,2,1702,52,2,0,2,4
170000,0.51,0,57,13300,0,0,4,3,2,1346,52,2,1,1,4
220000,0.63,0,20,17700,0,0,2,3,2,1596,52,3,1,2,6
70500,0.09,0,57,1000,0,0,2,2,3,884,36,3,0,1,7
65000,0.13,0,137,700,0,0,2,2,2,814,36,2,0,1,3
127500,0.19,0,71,3200,0,0,2,2,3,720,36,2,0,1,5
155000,0.57,0,28,2600,0,0,3,4,2,2051,36,3,0,1,5
255500,0.92,0,11,2600,0,1,4,2,2,1590,36,2,1,2,6
136000,0.35,0,39,1600,0,0,3,4,2,1202,36,3,0,1,6
204000,0.86,0,16,4300,0,0,4,3,2,2016,36,3,0,1.5,5
200000,0.8,0,6,2000,0,0,2,2,2,1274,36,3,1,2,6
163000,0.36,0,40,3600,0,0,4,2,2,960,36,3,0,1,5
149350,0.44,0,47,4000,0,1,2,2,2,1056,36,3,0,1,6
235000,0.25,0,12,5200,0,1,4,2,2,1820,36,3,0,3.5,8
260000,0.65,0,27,16500,0,0,2,2,2,2486,62,4,1,2.5,7
210000,0.46,0,27,13800,0,1,2,2,2,1890,62,3,0,2.5,9
159900,0.7,0,84,4600,0,0,4,3,2,1274,36,4,1,1,6
209000,0.55,0,14,3000,0,1,4,2,2,1716,36,4,0,2,6
135000,0.35,0,22,12000,0,1,3,4,2,1336,62,2,1,1.5,4
200000,0.96,0,45,8700,0,0,2,2,2,1392,62,3,0,1,5
432600,0.54,0,1,20400,0,1,2,2,2,2346,62,4,0,2.5,10
195000,0.47,0,19,14100,0,0,2,2,2,1475,62,3,0,1.5,7
165000,0.52,0,16,5500,0,0,3,4,2,1248,27,3,0,2,6
198000,0.15,0,16,10000,1,1,3,4,2,1920,27,4,1,2.5,10
219000,0.65,0,2,4000,0,0,4,2,2,2040,27,4,0,2.5,8
430000,1.34,1,15,75700,0,0,3,4,2,2649,21,3,1,3,7
120000,0.17,0,105,4100,0,0,4,2,2,1500,64,3,0,1,6
373735,0.53,0,1,233000,1,1,2,2,3,3163,64,4,1,2.5,10
183853,0.14,0,18,19600,0,1,2,2,3,1343,64,2,1,1.5,4
213500,0.46,0,17,36600,0,1,2,2,3,1573,64,3,1,2,5
155000,0.09,0,18,20500,0,1,3,4,3,1270,64,3,1,1.5,4
197000,0.41,0,14,26700,0,0,2,2,3,1316,64,3,0,1.5,8
392499,0.48,0,11,47400,0,1,2,2,3,3092,64,4,1,2.5,11
229900,0.44,0,7,24200,0,0,2,2,3,1328,64,3,1,2.5,8
289250,0.42,0,14,28500,0,0,4,3,2,2560,64,4,1,2.5,12
189900,0.12,0,17,16800,0,1,2,2,3,1343,64,2,1,2.5,6
397200,0.46,0,1,3200,1,1,2,2,3,3250,64,4,1,3,12
389405,0.35,0,1,233000,1,1,2,2,3,3086,64,3,1,2.5,8
135000,0.66,0,155,25200,0,0,4,3,2,1080,64,2,1,1,3
174000,0.13,0,16,18200,0,1,2,2,3,1120,64,2,1,1.5,6
525000,0.46,0,1,70100,0,1,2,2,3,2876,64,5,1,3.5,12
135000,0.01,0,19,9900,0,1,3,4,3,1281,64,2,0,2.5,3
412000,0.62,0,9,57800,0,1,2,2,3,2900,64,4,1,2.5,10
186000,0.08,0,18,20400,0,1,2,2,3,1512,64,2,1,1.5,7
453935,0.58,0,1,233000,1,1,2,2,3,2879,64,4,1,2.5,9
355000,0.69,0,3,43700,0,1,2,2,3,2537,64,4,1,2,11
186000,0.35,0,37,23500,0,0,2,3,3,1056,64,3,0,1,4
197000,0.14,0,16,19600,0,0,2,2,3,1296,64,2,1,1.5,6
180000,0.13,0,18,20900,0,1,3,4,3,1512,64,2,1,1.5,3
178000,0.47,0,27,32000,0,0,4,2,3,1338,64,3,1,2,7
305000,0.33,0,10,35400,0,1,2,2,3,2368,64,4,1,2.5,7
262000,0.46,0,8,25100,0,1,2,2,3,1528,64,3,0,2.5,4
225000,0.89,0,27,30900,0,1,2,2,3,1857,64,4,1,2.5,8
403040,0.49,0,0,233000,1,1,2,2,3,3320,64,4,1,2.5,12
388500,0.46,0,14,36600,0,1,2,2,3,2227,64,4,1,2.5,10
417000,0.13,0,6,46500,0,1,2,2,3,2742,64,4,1,2.5,11
410000,0.5,0,9,37800,0,0,2,2,3,2988,64,5,1,2.5,11
170000,0.35,0,17,37000,0,1,2,2,3,1656,64,3,1,1.5,8
295000,0.01,0,9,28400,0,0,2,2,3,1760,64,3,1,2.5,5
216000,0.38,0,39,25000,0,0,2,2,3,1702,64,4,1,1.5,8
221649,0.37,0,38,24500,0,0,2,3,3,1682,64,3,1,1.5,4
199900,0.21,0,17,28800,0,1,2,2,3,1180,64,2,1,1.5,4
463000,0.64,0,3,153800,0,1,2,2,3,2885,64,4,1,2.5,10
146500,0.02,0,20,14900,0,1,3,4,3,1281,64,2,0,2.5,3
225000,0.24,0,18,29500,0,1,2,2,3,1596,64,3,1,2,4
160000,0.16,0,21,15100,0,0,3,4,3,1184,40,3,0,2,4
275055,0.46,0,1,108900,1,1,2,2,3,2745,40,4,1,3,8
315513,0.46,0,1,108900,1,1,2,2,3,2680,40,4,1,2.5,11
323759,0.35,0,1,108900,1,0,2,2,3,2483,40,3,1,2.5,10
167500,0.92,0,19,25000,0,0,4,2,2,1188,40,3,0,1,4
272699,0.3,0,1,108900,1,1,2,2,3,2366,40,4,1,3,7
177500,0.31,0,19,27000,0,0,2,2,3,1508,40,3,1,1.5,4
128000,1,0,50,20500,0,0,4,3,2,792,40,2,0,1,4
317105,0.44,0,1,108900,0,0,2,2,3,3285,40,4,1,2.5,10
144500,0.15,0,18,15100,0,0,2,4,3,1673,40,2,0,2,5
260000,0.33,0,7,26000,0,0,2,2,3,2000,64,4,0,2.5,7
244000,0.33,0,18,27000,0,0,3,4,3,1561,40,3,1,1.5,4
287989,0.4,0,1,108900,1,1,2,2,3,2828,40,4,1,3,9
159000,0.16,0,18,15100,0,0,3,4,3,1592,40,3,0,1.5,8
167000,0.16,0,18,15100,0,0,3,4,3,1184,40,3,0,2,8
348000,0.17,0,14,10200,0,1,4,2,3,1708,40,2,1,2,4
140000,0.17,0,26,15200,0,1,3,2,3,1276,40,2,1,2,6
145000,0.15,0,20,15100,0,0,3,4,3,1184,40,2,0,1.5,3
150450,0.17,0,21,15800,0,0,3,4,3,908,40,2,0,1,5
230000,0.95,0,15,32800,0,0,2,3,2,1612,64,3,1,2,6
147423,0.16,0,19,15700,0,0,3,4,3,912,40,2,1,1.5,3
223000,0.33,0,17,27000,0,0,3,4,3,1508,40,3,1,1.5,6
167500,0.16,0,18,15100,0,0,3,4,3,1492,40,3,0,2.5,6
299000,0.1,0,25,6000,0,0,3,4,3,874,40,3,1,1,5
235900,0.59,0,33,26400,0,0,2,3,3,1573,64,4,1,2.5,6
147000,0.24,0,115,7200,0,0,2,2,3,1227,64,3,1,1,5
305000,0.53,0,13,31300,0,0,2,2,2,2494,64,3,1,2.5,7
154000,0.17,0,21,15800,0,0,3,4,3,912,40,2,0,1.5,7
149000,0.15,0,20,15700,0,0,3,4,3,988,40,2,0,1,7
300279,0.54,0,1,108900,1,0,2,2,2,2762,40,4,1,3,9
278000,0.64,0,33,26500,0,0,2,3,3,2625,64,4,1,2.5,10
202000,0.47,0,28,24600,0,0,3,4,3,1222,64,2,0,1,6
328463,0.49,0,1,108900,1,1,2,2,3,3144,40,4,1,2.5,10
185000,0.45,0,16,25000,0,0,2,2,2,1173,40,3,1,1,5
128000,0.17,0,21,15800,0,0,3,4,3,908,40,2,0,1,3
335000,0.92,0,16,32700,0,1,2,3,2,2274,64,4,1,2.5,10
148900,0.16,0,18,15700,0,0,2,4,3,908,40,2,0,1,4
229900,0.43,0,16,25000,0,0,2,2,2,1540,40,3,0,1.5,6
215000,0.49,0,28,24900,0,0,2,2,3,1196,64,4,1,2,7
253000,0.45,0,16,25000,0,0,2,2,2,1780,40,3,1,1.5,9
304065,0.34,0,1,108900,1,0,2,2,3,2670,40,4,1,3,8
222000,0.34,0,26,27000,0,0,2,2,3,1581,40,3,1,1.5,5
165000,0.15,0,18,15100,0,0,3,4,3,1592,40,3,0,1.5,7
275000,0.37,0,14,31200,0,1,2,2,2,2011,40,4,1,2.5,8
325000,0.27,1,105,56500,0,0,3,4,3,1391,40,2,1,1,4
406000,1.08,0,15,21100,0,1,2,2,2,2636,40,4,3,2.5,8
230000,0.31,0,19,27000,0,0,3,4,3,1656,40,3,1,1.5,6
125000,0.04,0,130,2400,0,0,2,2,3,1518,64,3,0,1,8
148000,0.41,0,84,18200,0,0,4,2,3,1182,64,3,1,1.5,8
279000,0.44,0,9,26000,0,1,2,2,3,1836,64,3,0,2.5,8
250000,0.62,0,14,31600,0,1,2,2,2,1529,64,2,1,2,6
314940,0.37,0,0,108900,1,0,2,2,3,2715,40,4,1,3,10
165900,0.16,0,21,15100,0,0,3,4,3,1184,40,2,0,1.5,3
150000,0.75,0,14,3700,0,0,4,2,2,1120,36,3,0,1.5,6
133000,0.15,0,15,2500,0,0,2,2,3,1008,36,3,0,1,4
155000,0.37,0,18,2500,0,0,3,4,2,1008,36,3,0,1,7
220000,0.41,0,57,4800,0,0,4,2,2,2077,36,3,1,2,7
229000,1.61,0,26,4500,0,0,3,4,2,1572,36,3,0,1.5,4
177000,0.63,0,34,5000,0,0,4,3,2,1874,36,4,0,1.5,9
120000,0.11,0,50,1300,0,0,2,2,3,768,36,2,0,1,6
195000,0.29,0,3,3800,0,0,2,2,2,1552,36,3,1,2.5,5
315371,1,0,1,3400,0,0,2,2,2,2331,36,4,1,2.5,8
137000,0.36,0,48,3600,0,0,2,2,2,960,36,2,0,1,3
225700,0.36,0,19,13000,0,0,3,4,3,1720,64,3,0,1.5,9
204900,0.34,0,20,13000,0,0,3,4,3,1437,64,3,0,1.5,8
189500,0.34,0,19,13000,0,1,4,2,3,1510,64,3,0,2,8
374000,0.72,0,21,26000,0,0,3,4,3,3021,28,4,1,2.5,11
319000,0.35,0,12,13000,0,0,2,3,2,1960,64,4,0,2.5,8
294100,0.39,0,11,13000,0,0,2,3,2,2112,64,3,1,2.5,10
440760,0.38,0,0,13000,0,1,2,2,2,2917,64,4,1,3,10
128000,0.16,0,21,15700,0,0,3,4,3,912,40,2,1,1.5,4
239505,0.37,0,1,108900,1,0,2,2,3,2244,40,3,1,2.5,10
141700,0.15,0,18,15100,0,0,3,4,3,1202,40,2,0,1.5,4
215500,0.34,0,19,27000,0,1,2,2,3,2601,40,4,1,2.5,10
320210,0.81,0,1,108900,1,0,2,2,3,2492,40,3,1,2.5,9
273495,0.3,0,1,108900,1,0,2,2,3,2680,40,4,0,2.5,11
256350,0.35,0,1,108900,1,0,2,2,3,2271,40,3,1,2.5,6
255000,0.33,0,17,27000,0,0,3,4,3,2012,40,3,1,3,6
124000,0.09,0,13,6700,0,0,3,4,3,920,40,3,0,1,8
293000,1.94,0,5,110000,0,1,2,2,2,2111,40,3,1,2,9
147000,0.15,0,20,15100,0,0,2,3,3,1184,40,3,1,2,4
284595,0.32,0,1,108900,1,0,2,2,3,2627,40,4,1,3,10
342269,0.39,0,1,108900,1,0,2,2,3,2641,40,4,1,3,9
229000,0.51,0,25,25000,0,0,2,3,3,1736,40,3,1,1.5,8
216900,0.31,0,19,27000,0,0,3,4,3,1656,40,3,1,1.5,7
164900,0.15,0,22,15100,0,0,3,4,3,1168,40,3,1,1.5,6
149000,0.15,0,18,15100,0,0,2,2,3,1385,40,2,1,1.5,3
150000,0.18,0,85,3600,0,0,4,2,2,969,64,2,0,1,4
214990,0.32,0,17,27000,0,0,2,3,3,1508,40,3,1,1.5,6
173000,0.14,0,26,15100,0,1,2,2,3,1602,40,2,1,1.5,7
149900,0.17,0,19,15800,0,0,3,4,3,912,40,2,1,1.5,4
155000,0.15,0,18,15100,0,0,3,4,3,1128,40,2,0,1.5,3
170000,0.16,0,18,15100,0,0,3,4,3,1514,40,3,1,1.5,5
237500,0.37,0,19,27000,0,0,3,3,3,1535,40,3,0,2,5
297065,0.45,0,1,108900,1,0,2,2,3,2722,40,4,0,3,9
342202,0.44,0,1,108900,1,1,2,2,3,2711,40,4,1,2.5,9
345264,0.88,0,1,108900,1,1,2,2,3,3020,40,4,1,3,11
325046,0.5,0,1,108900,1,0,2,2,3,2712,40,4,0,2.5,10
367000,1,0,19,21400,0,1,3,4,2,2556,64,4,1,2.5,8
159900,0.17,0,21,15200,0,0,3,4,3,1184,40,3,0,2,4
145000,0.16,0,21,15700,0,0,2,2,3,912,40,2,1,1.5,3
272500,0.32,0,18,27000,0,1,2,2,3,2212,40,4,1,2.5,10
163255,0.09,0,25,15100,0,1,2,2,3,1602,40,2,1,1.5,3
319000,0.47,0,1,108900,1,0,2,2,3,3285,40,4,1,3,12
160600,0.15,0,20,15100,0,0,3,4,3,1406,40,2,0,1.5,3
246000,0.34,0,20,27000,0,1,2,2,3,1472,40,3,1,2,6
153000,0.17,0,57,10200,0,0,4,2,3,1072,40,2,0,1,6
295000,0.48,0,15,30000,0,0,2,2,2,2504,64,5,1,2.5,10
159000,0.16,0,18,15100,0,0,3,4,3,1184,40,2,0,1.5,3
148400,0.15,0,20,15700,0,0,3,4,3,912,40,2,1,1.5,5
311000,0.54,0,10,30000,0,1,2,2,3,2120,40,3,0,2.5,7
314000,0.53,0,1,108900,1,0,2,2,3,3344,40,4,1,3.5,11
250000,0.4,0,25,27000,0,1,3,2,3,2243,40,3,1,2.5,6
149000,0.16,0,21,15700,0,0,3,4,3,908,40,2,0,1,3
307890,0.55,0,1,108900,1,0,2,2,3,2714,40,4,0,3,12
223000,0.33,0,18,27000,0,0,3,4,3,1360,40,3,1,1.5,8
219000,0.47,0,27,24600,0,0,3,4,3,1719,64,3,1,1.5,5
178000,0.48,0,28,24800,0,0,3,4,3,1404,64,3,1,1.5,6
295925,0.56,0,0,108900,1,0,2,2,3,2134,40,4,1,2.5,9
141160,0.17,0,20,15800,0,0,3,4,3,912,40,2,0,1.5,6
229900,0.34,0,9,30000,0,1,3,4,3,1423,40,3,1,1.5,8
254900,0.33,0,10,30000,0,0,2,2,3,2044,40,3,0,2,5
126000,0.85,0,28,3900,0,0,4,2,2,896,36,2,0,1,4
176500,0.37,0,55,4600,0,1,4,3,2,1380,36,3,1,1.5,6
161800,0.34,0,41,3500,0,0,2,2,2,960,36,3,0,1,7
112200,0.14,0,44,2400,0,0,2,2,3,840,36,2,0,1,4
154500,0.54,0,35,5700,0,0,2,3,2,1820,36,4,0,1.5,8
300000,0.92,0,19,5000,0,1,4,2,2,2144,36,3,1,2.5,8
206000,0.1,0,17,5100,0,0,2,2,2,1610,36,3,0,2,8
257000,0.75,0,6,1700,0,0,2,2,2,1752,36,3,0,2.5,7
182000,0.38,0,36,3300,0,0,2,3,2,1729,36,4,1,1.5,8
161000,0.59,0,37,4400,0,0,2,2,2,1056,36,3,0,1,6
176000,0.42,0,21,12250,0,0,3,4,3,1292,64,3,0,1.5,6
177160,0.41,0,35,7200,0,0,4,2,3,832,64,3,0,1,8
355063,0.36,0,0,13000,1,1,2,2,2,2256,64,4,1,2.5,8
213000,0.48,0,20,10000,0,0,3,4,3,1274,64,3,1,2,4
266500,0.52,0,18,13000,0,0,3,4,3,1608,64,3,0,2.5,4
285000,0.36,0,13,13000,0,0,2,3,2,1868,64,3,1,2.5,9
178900,0.35,0,21,36500,0,0,3,4,3,1554,64,3,0,1,4
300000,0.56,0,34,30800,0,0,2,3,3,3604,64,6,1,3.5,12
211000,0.49,0,41,28600,0,1,2,3,3,1887,64,4,1,2.5,8
451000,2,0,52,84000,0,1,4,2,3,1326,64,3,0,1,7
201400,0.49,0,30,28600,0,0,2,3,3,1876,64,3,1,2.5,6
195900,0.4,0,34,30000,0,0,2,2,3,1672,64,3,1,0,5
190000,0.57,0,35,34900,0,1,2,2,3,2064,64,4,1,2.5,6
150000,0.21,0,19,19100,0,0,3,4,3,1138,64,2,1,1,4
206000,1,0,19,36000,0,1,2,2,2,1814,64,3,1,1.5,7
285000,0.32,0,28,35000,0,1,3,4,3,2380,64,4,1,1.5,10
120000,0.2,0,24,14000,0,0,3,4,3,976,64,2,0,2,3
377500,1,0,21,116300,0,1,2,2,3,2886,64,4,2,2.5,9
340000,0.55,0,8,19300,0,0,2,2,3,2483,64,4,1,2.5,10
240000,0.45,0,35,32300,0,0,2,2,3,1846,64,3,1,1.5,6
295000,0.49,0,17,36900,0,1,2,2,3,2592,64,4,1,2.5,12
215000,0.63,0,21,39100,0,1,3,4,3,1792,64,3,0,1.5,9
275000,0.47,0,35,27800,0,0,2,3,3,2588,64,4,1,2.5,10
189000,0.81,0,53,21600,0,0,2,3,2,1210,64,3,0,1,7
156000,0.09,0,26,17600,0,1,2,2,3,1290,64,2,1,1.5,3
410000,0.79,0,11,86900,0,0,2,2,2,2444,75,4,1,3,11
264500,0.46,0,34,27400,0,0,2,3,3,2376,64,4,2,2.5,9
145500,0.09,0,20,17600,0,0,2,2,3,1480,64,3,0,1.5,4
116500,0.08,0,22,17200,0,1,2,2,3,1375,64,2,0,1.5,4
264500,0.44,0,40,26600,0,0,2,3,3,2676,64,4,1,2.5,11
215000,0.3,0,32,24500,0,0,2,2,3,1778,64,3,1,1.5,6
263000,0.6,0,28,28800,0,0,2,3,3,2570,64,5,1,2.5,12
243000,0.57,0,9,34900,0,0,2,2,3,1272,64,2,0,1.5,6
203000,0.29,0,30,23900,0,1,2,2,3,1852,64,3,1,1.5,6
335000,0.61,0,10,34700,0,1,2,2,2,2298,64,4,1,2.5,9
385000,0.5,0,7,17500,0,1,2,2,3,2259,64,4,1,2.5,9
210000,0.59,0,38,31700,0,0,2,3,3,2426,64,4,1,2.5,7
154000,0.14,0,20,18400,0,0,2,3,3,1480,64,3,1,1.5,5
155000,0.17,0,20,18700,0,1,2,2,3,1244,64,2,0,2,6
165000,0.17,0,22,18700,0,0,2,2,3,1479,64,3,0,1.5,4
300000,0.7,0,15,40000,0,0,2,2,3,2358,64,4,0,2.5,7
240000,0.46,0,33,32700,0,1,2,2,3,1453,64,4,1,2,9
182000,0.35,0,40,27800,0,1,2,2,3,2080,64,4,1,1.5,10
194000,6.15,0,64,73500,0,0,4,3,2,1960,64,3,1,1.5,9
410000,0.44,0,3,13200,0,1,2,2,3,2600,64,4,1,2.5,10
280000,0.85,0,18,40800,0,1,2,2,3,1897,64,4,1,2.5,7
235000,0.47,0,37,27800,0,0,2,3,3,1872,64,4,1,2.5,9
185000,0.06,0,27,16400,0,1,2,2,3,1260,64,2,1,1.5,6
167000,0.21,0,21,14700,0,1,2,2,3,1228,64,3,1,1.5,5
206500,0.5,0,35,34500,0,1,2,2,3,1956,64,4,0,2,7
165000,0.05,0,19,16000,0,1,2,2,3,1480,64,3,0,2.5,6
230000,0.35,0,42,27800,0,1,2,2,2,1793,64,4,1,1.5,9
235000,0.73,0,34,35700,0,0,2,2,3,2078,64,4,1,1.5,6
200500,0.69,0,26,27900,0,1,2,2,2,1666,64,3,1,1.5,4
310000,0.46,0,21,27400,0,0,2,3,3,2378,64,3,1,2.5,9
169900,0.06,0,27,16400,0,1,2,2,3,1452,64,3,1,1.5,5
210500,0.28,0,22,32000,0,0,3,4,3,1792,64,3,1,1.5,5
305000,0.92,0,16,35900,0,0,4,3,2,2290,75,4,1,2,7
508000,0.17,0,1,116700,0,0,2,2,3,3511,64,4,1,2.5,12
220000,0.41,0,39,30500,0,0,2,2,3,1922,64,4,0,1.5,9
256000,0.5,0,20,29000,0,0,2,3,3,2263,64,4,1,2.5,11
196900,0.41,0,35,30500,0,1,2,2,3,1672,64,4,0,1.5,6
233000,0.26,0,30,21900,0,1,2,2,3,1902,64,3,1,1.5,5
140000,0.06,0,20,16400,0,1,2,2,3,1479,64,2,1,1.5,7
162900,0.12,0,20,18200,0,0,3,4,3,1314,64,2,1,1.5,5
178000,0.17,0,18,18700,0,1,3,4,3,1302,64,2,0,1.5,4
265000,0.67,0,40,34100,0,0,2,3,3,2310,64,5,1,2.5,10
454900,0.66,0,9,75800,0,0,2,2,3,2880,64,4,1,2.5,11
215000,5.65,0,53,69400,0,1,4,2,3,1948,64,2,1,1.5,5
248000,0.67,0,16,39600,0,1,2,2,3,1613,64,3,1,1.5,8
395000,0.7,0,16,35000,0,1,2,3,3,2803,64,4,1,3,10
171500,0.07,0,20,16800,0,1,3,4,3,1479,64,3,1,1.5,4
268000,0.48,0,27,62000,0,1,2,2,3,2147,64,4,1,2.5,10
166500,0.06,0,20,16400,0,1,3,4,3,1314,64,2,1,1.5,4
355000,0.43,0,7,39000,0,1,2,2,3,2330,64,4,1,2.5,7
165000,0.93,0,13,38300,0,0,2,2,2,1352,64,3,0,1,8
300000,0.08,0,34,37300,0,0,2,3,3,2276,64,5,1,2.5,10
350000,0.5,0,18,63500,0,1,2,2,3,2162,64,4,1,2.5,9
279900,0.49,0,19,62800,0,1,2,2,3,2091,64,4,1,2.5,8
265000,0.65,0,37,33500,0,0,2,3,3,2564,64,4,1,2.5,8
267000,0.31,0,33,25100,0,0,2,2,3,2050,64,4,0,1.5,9
235000,0.76,0,38,35300,0,0,2,3,3,1768,64,3,0,2,5
299900,0.46,0,18,60500,0,1,2,2,3,2497,64,3,1,2.5,9
167000,0.07,0,26,16800,0,1,2,2,3,1290,64,2,1,1.5,7
168000,0.4,0,149,28000,0,0,4,2,2,1776,64,3,0,2,8
150000,0.07,0,21,16800,0,0,3,4,3,1480,64,3,0,1.5,6
255000,0.41,0,21,25400,0,1,2,2,3,1910,64,4,0,2.5,6
455000,4.2,0,29,70500,0,1,3,4,2,2828,64,3,1,2.5,10
351100,0.46,0,3,16100,0,0,2,2,3,2535,64,4,1,2.5,10
315000,0.46,0,36,27400,0,0,2,3,3,2576,64,4,1,2.5,12
220000,0.4,0,21,28000,0,0,2,2,3,1500,64,3,0,1.5,7
159000,0.14,0,20,18400,0,0,3,4,3,1480,64,3,0,1.5,8
341000,0.57,0,16,68800,0,1,2,2,3,2250,64,3,1,2.5,8
276000,0.47,0,19,36600,0,1,2,2,3,1831,64,3,1,2,5
309000,0.49,0,19,62800,0,1,2,2,3,2214,64,4,1,2.5,10
217021,0.46,0,31,32700,0,0,2,3,2,1846,64,3,0,1.5,7
188500,0.05,0,19,16000,0,1,2,2,3,1302,64,2,0,1.5,6
320000,0.55,0,33,50300,0,1,2,2,3,2212,64,4,1,2.5,9
247000,0.34,0,40,39000,0,0,2,2,3,1783,64,4,1,2.5,10
166000,0.1,0,21,18000,0,0,3,4,3,1480,64,2,1,1.5,7
236000,0.15,0,37,38800,0,0,4,3,2,1794,64,3,0,2,6
233900,0.3,0,32,24500,0,1,2,2,3,1918,64,4,1,1.5,6
162740,0.07,0,21,16800,0,0,2,2,3,1480,64,3,1,1.5,8
225000,0.45,0,35,32300,0,0,2,2,3,1756,64,4,1,1.5,7
360000,0.91,0,17,77200,0,1,2,3,3,2499,64,4,1,3,7
281520,0.56,0,34,30800,0,1,2,3,3,2310,64,5,1,3,8
365000,0.56,0,0,37900,0,0,2,2,3,2950,64,4,1,2.5,12
315000,0.6,0,20,71000,0,1,2,2,3,2702,64,4,3,2.5,10
297900,0.3,0,15,34000,0,1,2,2,3,2288,64,3,1,2.5,8
270000,0.42,0,35,30900,0,1,2,2,3,1838,64,4,0,1.5,7
260000,0.42,0,27,25800,0,0,2,3,3,2310,64,4,1,2.5,10
72000,0.33,0,85,24600,0,0,3,4,2,1152,52,3,0,1,6
229500,0.34,0,22,22600,0,0,2,2,3,1577,64,3,0,2,8
275000,0.54,0,19,30200,0,0,2,3,3,2175,64,4,1,2.5,10
155000,0.29,0,23,19500,0,0,2,2,3,1375,64,2,0,1.5,4
225570,0.37,0,27,23800,0,0,2,3,3,1616,64,3,1,3,8
224000,0.54,0,38,34700,0,0,2,2,3,1954,64,4,1,2,10
290000,0.61,0,34,32300,0,0,2,3,3,2728,64,4,1,2.5,10
262000,0.64,0,35,33200,0,0,2,3,3,2553,64,4,1,2.5,9
319900,0.34,0,3,11900,0,0,2,2,3,1963,64,4,1,2.5,8
265000,0.45,0,43,27000,0,0,2,3,3,2564,64,4,1,2.5,11
255000,0.33,0,19,35500,0,1,2,4,3,1792,64,3,1,1.5,7
217300,0.35,0,40,27800,0,0,2,3,3,1663,64,3,1,1,8
291000,0.49,0,6,17200,0,1,2,2,3,2070,64,4,1,2.5,6
319000,0.46,0,26,48000,0,1,4,2,3,2588,64,4,1,2.5,12
271500,0.54,0,35,30200,0,0,2,3,3,2276,64,5,1,2.5,9
224900,0.48,0,45,28200,0,0,2,2,3,1732,64,4,0,2,7
260000,0.63,0,39,32900,0,0,2,3,3,2310,64,5,1,2.5,9
199900,0.63,0,38,22100,0,1,2,3,2,1742,52,4,1,1,10
252659,0.41,0,36,25400,0,0,2,3,3,2802,64,4,1,2.5,8
312500,0.46,0,16,36400,0,1,2,2,3,1902,64,4,1,2.5,6
290000,0.46,0,22,48000,0,1,2,2,3,2030,64,4,1,2.5,10
155000,0.57,0,59,29900,0,0,2,2,3,1498,75,2,1,1,7
355000,0.55,0,20,67300,0,1,2,2,3,2116,64,3,1,2.5,10
190000,0.83,0,37,35700,0,0,2,3,3,2108,64,4,1,2.5,10
130000,0.06,0,16,1600,0,1,2,2,3,1480,40,2,1,2.5,4
264000,0.21,0,1,32000,1,0,2,2,3,2427,40,3,0,2.5,9
193980,0.31,0,12,10400,0,0,2,2,3,1348,40,2,0,2,5
219900,0.25,0,13,9000,0,0,2,2,3,1391,40,3,0,2,8
469900,1.4,0,2,74800,1,1,2,2,3,3422,62,4,1,4,12
314230,0.51,0,1,74800,1,1,2,2,3,2686,62,4,1,3,10
138900,0.15,0,14,5400,0,1,2,3,3,1034,40,2,0,1.5,3
160000,0.29,0,14,9700,0,1,2,2,3,1072,40,2,0,1,7
228000,0.25,0,12,15200,0,0,2,2,3,1512,40,3,0,2,8
224400,5,0,17,24100,0,0,3,4,2,1008,40,2,0,1,5
132870,0.06,0,17,1600,0,0,2,3,3,1480,40,3,1,1.5,5
135600,0.51,0,34,16600,0,0,2,2,2,912,40,3,0,1,4
150600,0.07,0,17,1800,0,1,2,3,3,1480,40,3,1,1.5,7
335000,1.25,0,16,11900,0,0,3,4,2,1558,62,3,1,2,7
316250,0.04,0,0,74800,1,0,2,2,3,2648,62,4,1,2.5,11
181280,0.39,0,26,9800,0,0,2,2,2,2248,40,4,0,1,10
158000,0.73,0,85,16400,0,0,4,2,2,1461,40,3,0,1,6
221000,0.23,0,11,7700,0,0,2,2,3,1470,40,3,1,2.5,8
230000,0.5,0,8,4000,0,0,2,2,3,1900,40,3,0,1.5,6
299000,0.1,0,8,13000,0,1,2,2,3,2054,62,4,0,2.5,6
148000,0.07,0,16,1800,0,0,2,2,3,1480,40,2,1,2.5,4
267500,0.24,0,14,8600,0,0,2,2,3,1822,40,3,0,2,9
259000,0.01,0,12,17900,0,0,2,2,3,1620,62,3,1,2.5,5
321000,0.1,0,14,21000,0,1,2,2,3,2120,62,4,0,2.5,8
409790,0.27,0,1,74800,1,0,2,2,3,3009,62,5,1,3.5,12
184000,0.45,0,35,9000,0,0,2,2,2,1791,40,4,0,1,10
145000,0.07,0,16,1800,0,1,3,2,3,1480,40,2,1,2.5,3
310000,1.75,0,14,20600,0,0,3,4,2,1300,40,3,0,2,4
170000,0.07,0,16,1800,0,0,2,2,3,1480,40,3,1,1.5,5
210500,0.02,0,15,9700,0,0,2,2,3,1876,40,3,0,2,6
199900,0.24,0,13,8000,0,0,2,2,3,1564,40,3,0,2,5
150000,0.28,0,70,9800,0,0,2,3,3,1248,40,3,0,1.5,4
153000,0.11,0,16,2900,0,0,2,2,3,1480,40,2,0,2.5,4
334000,0.55,0,12,19300,0,0,2,2,3,2281,62,4,1,2.5,7
216900,0.4,0,38,8000,0,1,2,2,2,2395,40,3,1,1.5,6
259000,0.05,0,15,16800,0,0,2,2,3,1915,40,4,1,2.5,10
240000,0.3,0,12,10800,0,0,2,2,3,1400,40,3,2,1.5,4
186030,0.37,0,38,9300,0,1,2,2,2,1104,40,4,0,1,9
203000,0.43,0,14,13500,0,1,2,2,3,1796,40,3,1,2.5,8
255000,0.13,0,15,13700,0,0,2,2,3,1512,40,3,0,1.5,6
119000,0.09,0,95,3200,0,0,2,3,3,1646,40,3,0,1,5
260800,0.5,0,5,4000,0,0,2,2,3,1868,40,3,1,2.5,7
169000,0.19,0,15,6800,0,0,2,2,3,1301,40,3,0,1.5,4
225000,0.95,0,15,11200,0,0,3,4,2,1652,62,3,0,2,7
124000,0.35,0,33,8500,0,0,4,3,2,1056,62,3,0,1,7
245000,0.51,0,22,15100,0,0,2,2,2,2312,62,3,0,1.5,10
250000,0.48,0,15,19200,0,1,2,2,2,2072,62,3,0,2.5,5
172000,0.46,0,20,7800,0,0,3,4,2,1200,62,2,0,1,6
153500,0.48,0,33,12000,0,0,4,2,2,1764,62,3,1,1.5,7
165000,0.02,0,17,20100,0,0,2,2,2,960,62,3,0,1,4
159000,0.17,0,22,15800,0,0,2,2,3,988,51,2,0,2,4
171500,0.17,0,19,15200,0,0,3,4,3,1514,51,3,0,1.5,7
240000,0.51,0,13,26900,0,1,2,2,3,1320,61,3,0,2,7
409550,0.69,0,1,83500,1,1,2,2,2,2719,61,3,1,2,9
302000,0.61,0,11,41700,0,0,2,2,3,1796,61,3,1,2.5,6
285000,0.38,0,4,53900,0,0,2,2,3,1709,61,3,1,2.5,5
385900,0.4,0,1,233000,1,1,2,2,3,3008,61,4,1,2.5,11
140595,0.42,0,71,18600,0,0,4,2,2,1350,61,3,0,1,5
213000,0.47,0,20,20000,0,1,3,4,2,1200,61,3,0,1.5,7
335000,0.47,0,3,53900,0,1,2,2,3,1857,61,3,1,2.5,6
290000,0.66,0,15,31200,0,1,2,2,2,2305,51,4,1,2.5,11
265000,0.49,0,1,15000,1,1,2,2,2,2184,51,3,1,2.5,10
334000,0.32,0,116,16400,0,0,2,2,3,1668,51,3,0,2,7
382406,0.44,0,1,108900,1,1,2,2,3,2712,51,4,1,2.5,12
149300,0.16,0,20,15700,0,0,3,4,3,912,51,2,0,1.5,3
212000,0.34,0,21,27000,0,0,3,4,3,1508,51,3,0,1.5,4
195000,0.46,0,28,24500,0,0,3,4,3,1232,61,3,1,1,6
245000,0.36,0,106,35900,0,0,2,2,3,1836,51,4,1,1.5,6
422680,0.16,0,176,46200,0,0,2,3,3,4486,51,6,1,4,12
240000,4.21,0,38,70400,0,0,4,3,2,2204,51,3,2,2,8
156000,0.16,0,19,15100,0,0,2,2,3,1184,51,3,0,2,7
265000,0.49,0,1,15000,1,1,2,2,2,2184,51,3,1,2.5,8
334000,0.32,0,116,16400,0,0,2,2,3,1668,51,3,0,2,5
382406,0.44,0,1,108900,1,1,2,2,3,2712,51,4,1,2.5,11
149300,0.16,0,20,15700,0,0,3,4,3,912,51,2,0,1.5,5
212000,0.34,0,21,27000,0,0,3,4,3,1508,51,3,0,1.5,4
195000,0.46,0,28,24500,0,0,3,4,3,1232,61,3,1,1,4
171600,0.32,0,15,4650,0,0,3,4,3,960,61,3,0,1,4
245000,0.36,0,106,35900,0,0,2,2,3,1836,51,4,1,1.5,8
282000,0.87,0,12,56300,0,1,2,2,3,1836,61,4,1,1.5,6
260000,0.34,0,42,27100,0,0,2,3,2,1803,61,4,0,1.5,6
254500,0.17,0,9,20400,0,1,2,2,3,1463,61,3,1,2,8
179900,0.07,0,27,16800,0,1,2,2,3,1290,61,2,1,1.5,7
255000,0.53,0,38,29900,0,0,2,3,3,2310,61,5,1,2.5,10
265000,0.43,0,40,26200,0,1,2,3,3,1664,61,3,1,2,4
174000,0.06,0,21,16400,0,0,2,2,3,1479,61,3,0,1.5,8
322000,0.26,0,7,9100,0,1,2,2,3,2483,61,4,1,2.5,8
337000,0.46,0,4,60500,0,1,2,2,3,2480,61,4,1,2.5,10
221450,0.36,0,121,33000,0,0,4,2,2,2699,61,6,1,1,12
247000,0.3,0,28,34000,0,1,2,2,3,1676,61,3,1,2.5,8
180000,0.54,0,38,30200,0,0,2,3,3,2816,61,5,1,2.5,10
229900,0.37,0,26,23800,0,0,2,3,3,1966,61,3,0,1.5,7
230000,0.54,0,39,34700,0,0,2,2,3,2112,61,4,1,1.5,9
388000,0.77,0,9,74400,0,0,2,2,3,2762,61,4,1,2.5,12
350000,0.66,0,23,72200,0,1,2,2,3,2184,61,3,1,2.5,9
169700,0.07,0,22,16800,0,0,3,4,3,1480,61,3,0,1.5,7
190000,0.53,0,39,34700,0,0,2,2,3,1624,61,3,0,1,4
317500,0.54,0,19,30200,0,1,2,2,3,1650,61,3,1,2,4
70000,1.34,0,34,36700,0,0,3,4,2,1313,61,2,0,1.5,3
300000,0.65,0,19,33500,0,0,2,3,3,2600,61,4,1,2.5,11
145400,0.13,0,22,18300,0,0,2,2,3,945,61,2,0,1,5
183500,0.28,0,57,23200,0,0,4,2,2,1121,61,3,0,1.5,4
275900,0.81,0,0,7300,1,0,2,2,3,2288,61,3,1,2.5,8
436023,0.41,0,5,43400,0,1,2,2,3,2718,61,4,1,2.5,12
319900,0.58,0,42,31400,0,0,2,3,3,2464,61,4,1,2.5,8
249000,0.43,0,41,45800,0,0,2,3,3,2426,61,4,2,2,7
289000,0.38,0,32,24200,0,0,2,3,3,2310,61,5,1,2.5,11
285000,0.94,0,37,36200,0,0,2,3,3,2564,61,4,1,2.5,11
194900,0.39,0,9,20400,0,0,2,2,3,1099,51,2,0,1,3
125000,0.24,0,48,16800,0,0,2,2,3,1225,51,3,1,1,7
111300,0.59,0,86,26000,0,0,2,2,2,1959,51,3,0,1,6
